label,tweet
negatif,"['dukung', 'pidana', 'lgbt', 'hidayat', 'nurwahid', 'lgbt', 'tentang', 'pancasila']"
positif,"['rekomendasi', 'kemeja', 'retro', 'sista', 'tidak', 'seperti', 'firaun', 'tag', 'libur', 'siang', 'ozil']"
positif,"['kacau', 'portal', 'online', 'ajar', 'tulis', 'berita', 'cuit', 'nadir', 'bentur', 'nyata']"
negatif,"['porn', 'lgbt', 'cebol', 'berani', 'muncul', 'pukul', 'khusus', 'oposisi']"
positif,"['toko', 'jual', 'lgbt']"
negatif,"['kaum', 'lgbt', 'predator', 'normal', 'buru', 'manusia', 'sembah', 'iblis', 'masuk', 'neraka']"
negatif,"['lgbt', 'undang', 'bencana', 'alam', 'bencana', 'alam', 'peduli', 'lingkungan']"
negatif,"['gue', 'paksa', 'aku', 'hidup', 'damping']"
negatif,"['kamu', 'sumut', 'orang', 'tua', 'lgbt', 'kamu', 'cuma', 'koar', 'kerja', 'nyepil', 'gitu', 'bilang', 'buzzerp']"
positif,"['mulut', 'sampah', 'bisa', 'kritik', 'kerja', 'berangan', 'nonton', 'kaum', 'simpang', 'alias', 'lgbt']"
negatif,"['off', 'ukhti', 'ri', 'mati', 'cair', 'cuan', 'komunitas', 'lgbt', 'nanya']"
negatif,"['heran', 'lgbt', 'indonesia', 'banyak', 'munafik', 'juang', 'hak']"
negatif,"['fyi', 'lgbt', 'tindak', 'pidana']"
positif,"['saat', 'normal', 'kucil', 'jauh', 'keluarga', 'kaum', 'lgbt', 'ente', 'teriak']"
negatif,"['bendera', 'tauhid', 'antum', 'bakar', 'bendera', 'lgbt', 'antum', 'kibar', 'benar', 'antum', 'salah', 'batil', 'antum', 'bela']"
negatif,"['qatar', 'haram', 'lgbt', 'piala', 'dunia', 'tukar', 'agama', 'turnamen']"
positif,"['bela', 'lgbt']"
positif,"['surga', 'buron', 'korupsi', 'indonesia', 'singapore', 'surga', 'negara', 'broker', 'miskin', 'sda']"
negatif,"['bela', 'dukung', 'kaum', 'lgbt', 'pidana', 'laku', 'jahat', 'lgbt', 'bicara', 'pidana']"
positif,"['deababiel', 'cinta', 'inggris', 'bangga', 'lgbt', 'brengos', 'tua', 'sok', 'sok', 'komentar']"
negatif,"['bahaya', 'lgbt']"
negatif,"['pejaten', 'ketua', 'ri', 'mati', 'mic', 'rapat', 'bahas', 'lgbt', 'sial', 'suami']"
negatif,"['cpa', 'bela', 'lgbt', 'lom', 'perangkat', 'hukum', 'jerat', 'lgbt', 'hukum', 'agama']"
positif,"['dirs', 'pelintir', 'cuit', 'manusia', 'judul', 'berita', 'laku', 'lgbt', 'bentur']"
positif,"['aku', 'out', 'lgbt', 'harga', 'mati', 'tentang', 'kasih', 'ruang']"
positif,"['organisasi', 'sehat', 'dunia', 'who', 'ingat', 'sakit', 'cacar', 'monyet', 'monkeypox', 'lonjak']"
positif,"['hipokrit', 'sikap', 'poligami', 'tentang', 'cadar', 'larang', 'hak', 'sifat']"
positif,"['silalahi', 'gilir', 'lgbt', 'lantang', 'suara', 'hormat', 'hak', 'gilir', 'tanah', 'rakyat', 'rampas', 'upah', 'murah']"
negatif,"['pro', 'lgbt', 'buang', 'jurang', 'dalam']"
negatif,"['uu', 'zina', 'laku', 'zina', 'kibar', 'bendera', 'satu', 'tukang', 'zina', 'konyol']"
negatif,"['cpa', 'bela', 'lgbt', 'lom', 'perangkat', 'hukum', 'jerat', 'lgbt', 'hukum']"
positif,"['sakit', 'lgbt', 'loe', 'pake', 'argumen', 'balik', 'orang', 'sehat', 'tular', 'sehat']"
positif,"['lgbt', 'takdir', 'sam', 'brodie', 'lambat', 'usia', 'samuel', 'david', 'alexander', 'brodie', 'sam']"
negatif,"['bima', 'kader', 'muhammadiyah', 'sindir', 'tum', 'pbnu', 'bendera', 'lgbt', 'urus', 'gilir', 'bendera', 'tauhid', 'urus']"
negatif,"['viralin', 'isu', 'buzzerp', 'radikal', 'radikul', 'lgbt', 'periode', 'kriminalisasi', 'ulama', 'adu', 'domba', 'rakyat', 'anis']"
negatif,"['pejaten', 'kaum', 'bong', 'spesies', 'lgbt', 'kumpul', 'kuningan', 'iniada', 'aming', 'tokoh', 'lgbt', 'bicara', 'hak']"
negatif,"['silah', 'rakyat', 'catat', 'partai', 'politis', 'pro', 'kaum', 'sodom', 'lawan', 'norma', 'agama', 'pancasila', 'tenggelam']"
positif,"['obat', 'gugur', 'kandung', 'original', 'ready', 'stok', 'bantu', 'tuntas', 'respon', 'cepat']"
negatif,"['panggung', 'set', 'set', 'lapor', 'ras', 'ruhut', 'tau', 'bela', 'lgbt']"
negatif,"['negara', 'larang', 'lgbt', 'indonesia']"
negatif,"['tagar', 'lgbt', 'biar', 'tumbuh', 'masyarakat', 'mari', 'dukung', 'perintah', 'tetap', 'indo']"
positif,"['dubes', 'inggris', 'kibar', 'bendera', 'lgbt', 'pelita', 'umat', 'lancang']"
negatif,"['qatar', 'tolak', 'keras', 'world', 'cup', 'susup', 'pesan', 'lgbt', 'keren']"
negatif,"['panggung', 'orang', 'lgbt', 'bela']"
positif,"['as', 'tokoh', 'masyarakat', 'hormat', 'lgbt', 'manusia', 'dosa', 'urus', 'allah', 'oposisi', 'cerdas']"
positif,"['mnwmnw', 'konon', 'uas', 'urus', 'konon', 'bendera', 'lgbt', 'urus', 'gilir', 'bendera', 'tauhid', 'urus', 'desember', 'urus']"
negatif,"['ahong', 'lgbt', 'ranah', 'privat', 'nggak', 'diurusin', 'urusin', 'promosi', 'lgbt']"
positif,"['sampe', 'monyet', 'betelor', 'statement', 'disambungin', 'sam']"
negatif,"['tolak', 'lgbt']"
positif,"['malam', 'ada', 'pentas', 'lengger', 'seni', 'tradisional', 'bawa', 'tari', 'perempuan']"
negatif,"['bela', 'lgbt', 'skrg', 'mati', 'mic', 'besok', 'anak', 'paksa', 'ikut', 'didik', 'seks', 'versi', 'paksa', 'tolak']"
negatif,"['jano', 'lgbt', 'singkatan', 'min']"
negatif,"['perilaku', 'simpang', 'seksual', 'lgbt', 'propaganda', 'kian', 'resah', 'ancam', 'generasi', 'muda']"
positif,"['iya', 'bahas', 'lgbt']"
negatif,"['heran', 'mana', 'akal', 'sehat', 'cek', 'fakta', 'cuit', 'gus', 'nadir', 'lgbt']"
positif,"['uu', 'interpretasi', 'tafsir', 'tuju', 'sexual', 'consent', 'kosong', 'atur']"
negatif,"['hatihati', 'azab', 'laku', 'lgbt', 'keri']"
negatif,"['sidang', 'paripurna', 'dpr', 'ri', 'pagi', 'interupsi', 'kait', 'perilaku', 'lgbt', 'harap', 'sanksi', 'lgbt']"
negatif,"['hizo', 'herufi', 'za', 'lgbt', 'hawazijui', 'nini']"
negatif,"['puan', 'mati', 'mic', 'fraksi', 'pks', 'bahas', 'lgbt', 'tifatul', 'sembiring', 'sarkas', 'hemat', 'listrik']"
positif,"['faktor', 'orang', 'lgbt', 'rasa', 'beda', 'klaim', 'gender', 'dysphoria']"
negatif,"['agama', 'mana', 'dukung', 'halal', 'lgbt', 'kecuali', 'orang', 'orang', 'sakit', 'jiwa']"
positif,"['bangga', 'lgbt']"
positif,"['sridianava', 'haloo', 'warga', 'sampe', 'anak', 'cucu']"
negatif,"['konsep', 'islam', 'ttg', 'lgbt', 'islam', 'haram', 'lgbt', 'fitrah', 'pria', 'wanita', 'shg', 'lgbt', 'larang', 'mungkar', 'agr']"
negatif,"['dukung', 'pidana', 'kaum', 'lgbt', 'indonesia', 'negara', 'populasi', 'islam', 'besar', 'dunia', 'wajar']"
negatif,"['sila', 'dukung', 'lgbt', 'dalih', 'hak', 'asasi', 'anak', 'kena']"
negatif,"['sindir', 'bela', 'lgbt', 'nicho', 'silalahi', 'gilir', 'tanah', 'rakyat', 'rampas', 'muncung']"
negatif,"['alam', 'pribadi', 'laku', 'kutuk', 'lgbt', 'thd', 'makasar', 'tahun', 'pulang']"
negatif,"['publik', 'majemuk', 'tahun', 'akrab', 'tradisi', 'lgbt', 'pakai', 'istil']"
negatif,"['ofmagadh', 'inka', 'lgbt']"
negatif,"['gus', 'nadir', 'lgbt', 'bawa', 'roh', 'suci', 'peristiwa', 'nyata', 'tengah', 'deddy', 'unda']"
negatif,"['banding', 'orang', 'gilang', 'lgbt', 'pikir', 'makan']"
negatif,"['id', 'budayawan', 'muhammadiyah', 'umat', 'islam', 'wajib', 'lawan', 'lgbt']"
positif,"['dubes', 'inggris', 'marah', 'negara', 'ri', 'daulat', 'negara']"
positif,"['following', 'kurang', 'beneran', 'cari', 'panggung', 'dpt', 'panggung', 'ruhut', 'dukung', 'lgbt']"
positif,"['bamukmin', 'gegabah', 'sponsorship', 'dunia']"
negatif,"['maaf', 'bang', 'orang', 'muslim', 'agama', 'lgbt', 'larang', 'ber']"
negatif,"['muslim', 'tolak', 'nama', 'lgbt',, 'bis']"
negatif,"['kader', 'muhammadiyah', 'sindir', 'tum', 'pbnu', 'bendera', 'lgbt', 'urus', 'gilir', 'bendera', 'tauhid', 'urus']"
negatif,"['ketua', 'majelis', 'ulama', 'indonesia', 'mui', 'bidang', 'dakwah', 'ukhuwah', 'kh', 'muhammad', 'cholil', 'naf', 'laku', 'lgbt', 'pidana']"
negatif,"['dirs', 'gus', 'bela', 'kaum', 'lgbt', 'guskami', 'mohon',, 'satu', 'harap', 'kaum', 'lgbt', 'naung']"
negatif,"['ngomongin', 'lgbt', 'babi', 'heboh', 'dosa']"
negatif,"['anggota', 'dewan', 'singgung', 'lgbt', 'rapat', 'paripurna', 'puan', 'langsung', 'mati']"
positif,"['serah', 'lgbt', 'dosa', 'simpang', 'salah', 'apa', 'gada']"
negatif,"['halah', 'bokefer', 'dukung', 'lgbt', 'kumurkumur', 'norak', 'loe', 'son']"
negatif,"['pbnu', 'getol', 'bela', 'lgbt', 'aktivis', 'gerah', 'kafir', 'gemar', 'stigma', 'ulama']"
positif,"['hak', 'hidup', 'makhluk', 'jamin', 'buat']"
negatif,"['angka', 'didu', 'om', 'silah', 'mati', 'sendri', 'bawa', 'orang', 'akibat', 'buat', 'lgbt', 'mu']"
negatif,"['budayawan', 'muhammadiyah', 'umat', 'islam', 'wajib', 'lawan', 'lgbt', 'umat', 'islam', 'wajib', 'buka', 'lawan', 'lesbian', 'gay', 'biseksual', 'transg']"
negatif,"['ustadz', 'abdul', 'somad', 'lgbt', 'sakit', 'beri', 'tuhan']"
negatif,"['kanjeng', 'raden', 'formula', 'sponsor', 'lgbt', 'daerah', 'kadrun', 'padang', 'bogor', 'perkosa', 'massal', 'santri', 'tidak', 'benar', 'peluk']"
negatif,"['lildove', 'tolol', 'bener', 'nyesel', 'gua', 'nungguin', 'taun', 'liat', 'plot', 'cacat', 'ala', 'netflix', 'suka', 'campaign', 'lgbt']"
positif,"['bangga', 'lgbtsaya', 'orang', 'indonesia']"
positif,"['surga', 'buron', 'korupsi', 'indonesia', 'singapore', 'surga', 'negara', 'broker', 'miskin', 'sda', 'dere']"
negatif,"['moga', 'anak', 'turun', 'elu', 'lgbt', 'perilaku', 'lgbtaamiin']"
positif,"['penuh', 'tugas', 'nulis', 'judul', 'lgbt', 'negeri', 'adat', 'bahas']"
negatif,"['lu', 'betina', 'jantan', 'enak', 'gw', 'panggil', 'lihat', 'wajah', 'lu', 'kayak', 'lgbt', 'betina', 'jantan']"
negatif,"['bullshit', 'lgbt', 'takdir']"
positif,"['hilang', 'hormat', 'maksud', 'lihat', 'harga']"
positif,"['sumpah', 'nama', 'allah', 'orang', 'kafir', 'musyrik', 'sumpah', 'all']"
positif,"['shandie', 'moga', 'dukung', 'lgbt', 'anak', 'cucu', 'lgbt']"
negatif,"['okok', 'henti', 'debat', 'ngeyel', 'vonis', 'strokebegitupun', 'lgbt', 'vonis', 'hivims', 'langsun']"
negatif,"['walah', 'logika', 'ni', 'bahas', 'lgbt', 'vs', 'babi', 'alkohol', 'pake', 'standar', 'apel', 'apelkalo', 'babi', 'alkohol']"
negatif,"['udah', 'bs', 'bicara', 'lahsudah', 'waktunyarakyat', 'melawanketidak', 'adil']"
negatif,"['masak', 'dpr', 'kalah', 'tekan', 'lslam']"
negatif,"['fifa', 'jadi', 'nadir', 'sebagai', 'negosiator', 'agar', 'sampai', 'urus', 'lgbt', 'urus', 'tuhan']"
positif,"['langsung', 'web', 'boskuh', 'bonus', 'garansi', 'potonganlink', 'daftar']"
negatif,"['nneve', 'untung', 'mui', 'muhamadiyah', 'keras', 'tentang', 'kesah', 'lgbt', 'indonesia']"
negatif,"['dirs', 'nadir', 'perwkilan', 'lgbt', 'nahdatul', 'ulama']"
negatif,"['pejaten', 'selamat', 'sore', 'kaum', 'kaum', 'cherybol', 'bong', 'lgbtkumpulan', 'spesies', 'sampah', 'coba', 'paksa', 'paksa', 'komisioner']"
negatif,"['trending', 'jelek', 'lgbt', 'bukan', 'kriminal', 'enak', 'udel', 'bawa', 'bawa', 'penjara', 'urus', 'tuhan', 'hadeh', 'negara', 'wakanda']"
negatif,"['orang', 'korupsi', 'bilang', 'wajar', 'heran', 'lgbt', 'napas', 'doang', 'masuk', 'penjara', 'kocak', 'gemingg']"
negatif,"['istri', 'nabi', 'luth', 'azab', 'allah', 'laku', 'dukung', 'buat', 'lgbtkami']"
negatif,"['ngakak', 'liat', 'lgbt', 'trending', 'kirain', 'koar', 'lgbt', 'pidanain', 'ngabrutttt']"
positif,"['stop', 'judging', 'people', 'pikir', 'kolot', 'mu', 'it', 'harga', 'thats', 'it', 'orang', 'lgbt', 'bawa']"
negatif,"['lgbt', 'kriminal', 'atur', 'penjara', 'lgbt', 'for', 'no', 'reason', 'just', 'becaus']"
negatif,"['lgbt', 'umur', 'hidup', 'tapa', 'salur', 'hasrat', 'seksual', 'bbrp', 'boca']"
positif,"['best', 'seller', 'inone', 'wireless', 'bluetooth', 'headset', 'with', 'mic', 'kst', 'for', 'music', 'year', 'official', 'warrantyrp', 'diskon']"
positif,"['stop', 'judging', 'people', 'pikir', 'kolot', 'mu', 'it', 'harga', 'thats', 'it', 'orang', 'lgbt']"
negatif,"['niih', 'bani', 'tusbol', 'lgbt', 'kaum', 'pendukungnyabacalah']"
positif,"['gw', 'lgbt', 'tantang', 'tantang', 'mana', 'ubah', 'normal', 'tantang', 'mana']"
positif,"['bela', 'bain', 'kaum', 'sodom', 'gay', 'lesbi', 'lgbt', 'girang']"
negatif,"['panggil', 'pake', 'gas', 'gus', 'gas', 'gus', 'lgbt', 'narkoba', 'candu', 'rusak']"
positif,"['laku', 'lgbt']"
negatif,"['ttg', 'lgbt', 'buru', 'mati', 'micjangan', 'aaasssuu', 'dah']"
positif,"['jepang', 'meibbfs', 'bb', 'shot']"
positif,"['heryanto', 'tulis', 'tulis', 'media', 'muat', 'lgbt']"
positif,"['nkri', 'asai', 'khianat', 'langgar', 'pancasila', 'uud', 'usaha', 'susup', 'liberal', 'nkri']"
negatif,"['pro', 'lgbtislamophobia']"
positif,"['macau', 'meibbfs', 'bb', 'shot']"
negatif,"['lgbt', 'kriminal', 'atur', 'penjara', 'lgbt', 'for', 'no', 'reason', 'jus']"
negatif,"['ahong', 'negara', 'laku', 'hukum', 'islam', 'perilaku', 'lgbt', 'kembang']"
negatif,"['pejaten', 'kaum', 'bong', 'lgbt', 'cokro', 'tvkok', 'lapor', 'polda', 'metro', 'lurah', 'istanakatanya', 'lurah', 'istana', 'dil']"
negatif,"['indonesia', 'hidup', 'sehat', 'bahagia', 'hiv', 'aids', 'sipil', 'cacar', 'dukung', 'uu', 'revisi', 'kuhp', 'lgbt']"
negatif,"['pejaten', 'spesies', 'jijik', 'lgbt', 'korban', 'halu', 'cokro', 'bongkar', 'lurah', 'istanapantas', 'pem']"
negatif,"['pov', 'lu', 'lgi', 'liat', 'org', 'lol', 'lgbt', 'damn', 'nsfw', 'lu', 'sarkas', 'ngabrut']"
positif,"['tahun', 'dalam', 'ceramah', 'sebut', 'lgbt', 'hina', 'hewan', 'ayam', 'akal', 'ayam', 'jago']"
negatif,"['cari', 'dasar', 'hukum', 'larang', 'lgbt', 'nasi', 'mawut', 'sesat', 'lihat', 'dasar', 'ideologi', 'pancasila']"
positif,"['dukung', 'lgbt', 'indonesia']"
negatif,"['mari', 'dukung', 'tetap', 'rkuhp', 'atur', 'hukum', 'pidana', 'laku', 'lgbt', 'https']"
negatif,"['lgbt', 'benar', 'harga', 'ada', 'dasar', 'lgbt', 'sud']"
negatif,"['lgbt', 'benar', 'harga', 'ada', 'dasar', 'lgbt']"
positif,"['calon', 'plecidenkenapa', 'laku', 'bginiapa', 'dukun']"
negatif,"['muslim', 'marah', 'lihat', 'bendera', 'tauhid', 'kibar', 'ambil', 'pusing', 'bendera', 'lgbt', 'naik', 'moga', 'allah', 'jaga']"
negatif,"['wakanda', 'ormas', 'aku', 'islam', 'tapi', 'semua', 'larang', 'islam', 'dukung', 'ulama', 'islam', 'hina']"
negatif,"['gus', 'kemarin', 'sd', 'sh', 'mana', 'hidup', 'coba', 'meme', 'segar', 'otak', 'membandi']"
negatif,"['inotav', 'benertapi', 'ceramah', 'bel']"
positif,"['bungo', 'sanding', 'atheis', 'lgbt', 'aneh', 'hehehe']"
positif,"['caci', 'maki', 'diskus', 'beda', 'sudut', 'pandang', 'disk']"
positif,"['ak', 'cabang', 'lgbtia']"
negatif,"['pihakpihak', 'pro', 'kelompok', 'lgbt', 'hak', 'bebas']"
negatif,"['lihat', 'segi', 'hukum', 'atur', 'khusus', 'atur', 'lgbt', 'indonesia']"
negatif,"['bot', 'lgbt', 'sakit', 'tular']"
negatif,"['respons', 'mahfud', 'komisi', 'iii', 'dpr', 'pasti', 'lgbtzina', 'masuk', 'draf', 'rkuhpyes']"
negatif,"['apani', 'lgbt', 'apani']"
negatif,"['lahh', 'udah', 'lgbt', 'simpang', 'ideologi', 'indonesia', 'sila']"
positif,"['dirs', 'pelintir', 'tapi', 'sikap', 'anda', 'akan', 'bela', 'lgbt', 'pancing', 'orang', 'gerah', 'buat', 'demik']"
negatif,"['eh', 'lgbt', 'ngaruh', 'ntar', 'lgbt', 'populasi', 'manusia', 'bumi', 'punah', 'bagus', 'loe', 'oran']"
negatif,"['lgbt', 'lesbian', 'gay', 'biseksual', 'transgender', 'identik', 'bendera', 'pelangi', 'perilaku', 'nyi']"
positif,"['kait', 'isu', 'bahas', 'lgbt', 'perspektif', 'hukum', 'nasional']"
negatif,"['gera', 'lgbt', 'indonesia', 'proyek', 'dunia', 'kelola', 'badan', 'khusus', 'internasional']"
positif,"['covid', 'tuduh', 'dalang', 'beliau', 'skrang', 'cacar', 'monyet', 'jg', 'bilang', 'dalang', 'beliau', 'jg', 'suruh', 'wh']"
negatif,"['ooo', 'manusia', 'getol', 'bela', 'kaum', 'sodom', 'itulgbt', 'sampah', 'adab', 'klen']"
negatif,"['lgbt', 'sakit', 'gender', 'elu', 'main', 'yih', 'rscm', 'rs', 'dharmais', 'gimana', 'kena', 'aids', 'hiv']"
positif,"['tim', 'lgbt', 'sempetin', 'nunjukin', 'dukung']"
negatif,"['ngotot', 'bener', 'bela', 'lgbt', 'elu', 'pikir', 'elu', 'nongol', 'dunia', 'ortu', 'lgbt']"
negatif,"['sin', 'is', 'sintidak', 'dosa', 'lgbt', 'dosa', 'dosa']"
negatif,"['lagu', 'lu', 'sok', 'sok', 'an', 'dukung', 'lgbtallah', 'swt', 'laknat', 'laku', 'lgbtini', 'sok', 'sok', 'an', 'dukung', 'buat', 'hina']"
negatif,"['ajar', 'agama', 'erti', 'ajar', 'islam', 'ajar', 'ulama']"
negatif,"['marm', 'nabi', 'kutuk', 'lgbt', 'lu', 'agus', 'nyuruh', 'hormat', 'lgbt', 'pala', 'lo', 'bauk', 'agus']"
positif,"['tp', 'udah', 'jarang', 'jg', 'liat', 'iklan', 'rokok', 'skrg', 'dri', 'sosmed', 'esse', 'lgbt', 'beli']"
negatif,"['mati', 'mbak', 'anggota', 'dewan', 'singgung', 'lgbt', 'rapat', 'paripurna', 'mbak', 'sua']"
negatif,"['periode', 'asai', 'capable', 'pimpin', 'negeri', 'kuasa', 'urus', 'mic']"
negatif,"['kenapasihhh', 'negara', 'udah', 'krisis', 'iklim', 'keras', 'domestik', 'timpang', 'kelas', 'gede', 'fokus', 'lgbt', 'ngaruh', 'apaapa']"
positif,"['tingkat', 'intelegensi', 'kaum', 'lgbt', 'rendah', 'banding', 'hewan', 'kawin', 'jenis']"
negatif,"['pejaten', 'lgbt', 'lesbian', 'gay', 'bisexsual', 'transgenderpenyakit', 'terlaknatrasulullah', 'shalallahu', 'alaihi', 'wasallam', 'bers']"
negatif,"['udah', 'negara', 'antilgbt', 'deddy', 'ngundang', 'pasang', 'gay', 'kontroversial', 'lu', 'pindah', 'negara', 'beli', 'kacang']"
negatif,"['sea', 'lgbt', 'salah', 'mikir']"
positif,"['dubes', 'inggris', 'kibar', 'bendera', 'lgbt', 'indonesia', 'malaysia']"
negatif,"['tuju', 'komentar', 'lgbt', 'ibhrs', 'retweet', 'gus', 'nadir', 'like', 'https']"
positif,"['salah', 'tindak', 'hukum', 'emang', 'jahat']"
negatif,"['lgbt', 'mati', 'mic', 'gimana', 'bela', 'nasib', 'muslim', 'indonesia', 'tutup', 'pintu', 'kantor', 'dpr']"
negatif,"['dosa', 'laku', 'orang', 'biar', 'tolak', 'lgbt', 'dosa']"
negatif,"['highlight', 'story', 'instagram', 'urai', 'perkara', 'lgbt', 'lgbt', 'syiah', 'lainlain']"
negatif,"['pejaten', 'kaum', 'cebong', 'homo', 'lgbt', 'cokro', 'gagal', 'operasi', 'namakilurahsudah', 'sebar', 'grup', 'grup', 'wa']"
positif,"['pesan', 'laku', 'dukung', 'lgbt', 'iya', 'akal', 'seha']"
negatif,"['kaum', 'sodom', 'zaman', 'nabi', 'luth', 'leceh', 'pancasila', 'dasar', 'negara']"
negatif,"['mana', 'org', 'kecil', 'potensi', 'tular', 'sakit', 'naik']"
negatif,"['lgbt', 'sakit', 'mental', 'sembuh', 'republika', 'online', 'mobile']"
negatif,"['bcd', 'chattan', 'dululgbt', 'btajg', 'astagfirullah', 'gitum', 'ajgajg', 'astagfirullah']"
negatif,"['komunitas', 'lgbt', 'gelar', 'acara', 'makassar', 'mui', 'sulsel', 'tolak', 'hidayatullah', 'sleman']"
positif,"['blazer', 'set', 'ngantor', 'rating']"
negatif,"['perilaku', 'lgbt', 'perspektif', 'hukum', 'indonesia', 'thread']"
negatif,"['anjing', 'trending', 'lgbt']"
positif,"['beli', 'ticket', 'pesawat', 'afganistan', 'ntar', 'sewain', 'pesawat', 'hotel', 'akomodasi', 'us']"
negatif,"['james', 'martin', 'sj', 'ruang', 'jumpa', 'gereja', 'komunitas', 'lgbt', 'via', 'net']"
negatif,"['bot', 'hbgn', 'bot', 'emg', 'bs', 'arti', 'bonceng', 'bs', 'jg', 'lgbt', 'tp', 'ak', 'jg', 'ngerti', 'sieeee']"
negatif,"['curhat', 'amin', 'ak', 'mik', 'mati', 'puan', 'suara', 'bahaya', 'lgbtyang', 'tuju', 'pidana']"
negatif,"['yunianto', 'percaya', 'laku', 'lgbt', 'bahagiakebahagiaan', 'semu', 'dikejarberujung', 'derita']"
negatif,"['maaf', 'nihabang', 'bela', 'lgbtsya', 'tanyaapa', 'abang', 'anak', 'abang', 'jdi', 'lgbtsebab', 'lgbt', 'sakit', 'bang']"
negatif,"['orang', 'lgbt', 'bingung', 'banget', 'pasca', 'podcast', 'corbuzier', 'maki', 'rezim', 'jokowi']"
negatif,"['opm', 'jlas', 'troris', 'kga', 'total', 'lu', 'lawannyamalah', 'disbut', 'sodaratag', 'semarang', 'ganjar', 'pranowo', 'monyet', 'kalong', 'puan', 'sodom']"
negatif,"['ekokuntadhi', 'kaya', 'giat', 'medsos', 'tebar', 'teror', 'anggap', 'teroris', 'isi', 'tulis', 'penafsiranya', 'kaya']"
positif,"['argunemtasi', 'benar', 'lgbt', 'argumentasi', 'agama', 'logika', 'ngaw']"
negatif,"['kaum', 'anus', 'haram', 'qatarlgbt', 'kaum', 'laknat', 'emang', 'kasih', 'dunia', 'inilgbt', 'kaum', 'hina']"
negatif,"['dirs', 'bgn', 'lgbtapaanda', 'senang', 'klau', 'klg', 'nikmat', 'lobang', 'taiapakah', 'bangga', 'dukung', 'penikma']"
negatif,"['siang', 'sayang', 'ready', 'skrng', 'open', 'vcs', 'lgbt']"
negatif,"['curah', 'hati', 'inong', 'hadap', 'langsung', 'pasien', 'lgbt', 'sedih', 'kor']"
negatif,"['puan', 'mati', 'mic', 'fraksi', 'pks', 'bahas', 'lgbt', 'tifatul', 'sembiring', 'sarkas', 'hemat']"
negatif,"['siaga', 'lindung', 'keluarga', 'fan', 'masyarakat', 'bahaya', 'laten', 'lgbt', 'komunisme', 'sailing', 'bahu', 'bahu', 'hancur', 'keluarga']"
negatif,"['tanggung', 'lgbt', 'koruptor', 'triliun', 'bebas', 'utang', 'numpuk']"
negatif,"['dirs', 'dalam', 'cipta', 'ruh', 'allah', 'hembus', 'asma', 'allah', 'rosulnya', 'ruh', 'dah', 'brojol', 'emang', 'ruh']"
negatif,"['pejaten', 'lurah', 'istana', 'spesies', 'lgbt', 'bongdrun', 'selebtwit', 'nyaterutama', 'kaum', 'bodoh', 'gratis', 'cebongkalian', 'bis']"
positif,"['hati', 'hati', 'benci', 'benci', 'orang', 'tua', 'bener', 'bener', 'benci', 'lgbt', 'dll', 'tern']"
negatif,"['lgbt', 'bincang', 'hangat', 'bukti', 'trending', 'lgbt', 'berturutturut']"
positif,"['bingung', 'lgbt']"
positif,"['lgbt', 'bincang', 'hangat', 'bukti', 'trending', 'lgbt']"
negatif,"['bugis', 'sperti', 'lgbt', 'casing', 'sperti', 'laintp', 'buat']"
negatif,"['nu', 'hilang', 'ruh', 'lgbt', 'bela', 'ulama', 'cemooh']"
negatif,"['ahong', 'buat', 'laknat', 'loe', 'doang', 'kena', 'imbas', 'nga']"
negatif,"['gw', 'bingung', 'becandaan', 'rkuhp', 'lgbt']"
positif,"['juang', 'bela', 'lgbt']"
negatif,"['alas', 'ham', 'lindung', 'lupa', 'lgbt', 'rombak', 'total', 'ham', 'manusia']"
negatif,"['teliti', 'homophobia', 'orang', 'toleran', 'ama', 'kaum', 'lgbt', 'ama', 'orang', 'anti', 'banget', 'ama', 'lgbt', 'samasama', 'kas']"
negatif,"['pejaten', 'lgbt', 'jangkit', 'level', 'tengah', 'atascoba', 'berani', 'ketua', 'dprri', 'foto', 'publik']"
positif,"['bawah', 'lgbt']"
positif,"['darius', 'sinathrya', 'blakblakan', 'tuding', 'dukung', 'lgbt']"
negatif,"['bang', 'yos', 'manusia', 'intelijenberpikirnya', 'prediksi', 'buruk', 'datangjadi', 'bener', 'bang', 'yos', 'waspada']"
positif,"['ahli', 'mati', 'mik', 'dukung', 'kaum', 'lgbt']"
negatif,"['jg', 'mati', 'mic', 'alas', 'lewat', 'menit', 'isu', 'lgbt', 'resah', 'mas']"
positif,"['ali', 'bhineka', 'tunggal', 'ika', 'beda', 'beda', 'satulgbt', 'mana', 'beda', 'orang', 'suka', 'paksa']"
positif,"['lgbt', 'bikin', 'camat']"
positif,"['ngeri', 'kuat', 'lindung', 'lgbt', 'alas', 'ham']"
negatif,"['srg', 'ahong', 'jambret', 'udah', 'dapet', 'hukum', 'masuk', 'benar']"
negatif,"['denger', 'denger', 'mati', 'mic', 'pas', 'bahas', 'sanksi', 'lgbt', 'kah']"
negatif,"['partai', 'lgbt', 'bro', 'nama', 'partai', 'rakyat', 'cocok']"
negatif,"['terap', 'syariat', 'islam', 'brunei', 'darussalam', 'inisiatif', 'hukum', 'laku']"
negatif,"['sridianava', 'agama', 'islam', 'gerogot', 'syiah', 'yahudi', 'susup']"
positif,"['buni', 'yani', 'ingat', 'dubes', 'inggris', 'lgbt', 'haram', 'sakit', 'kibar', 'bendera', 'pelangi']"
negatif,"['orang', 'komunis', 'pro', 'lgbtagama', 'halal', 'lgbt']"
positif,"['fantesa', 'pi', 'kaum', 'kasih', 'ruang', 'ad']"
negatif,"['manusia', 'superior', 'lo', 'ciri', 'sekian', 'lgbt', 'arogan']"
positif,"['suka', 'sikap', 'dukung', 'aji', 'bubar']"
positif,"['now', 'temu', 'warga', 'indonesia', 'dengar', 'tent']"
negatif,"['lbgt', 'gender', 'lgbt', 'prilaku', 'simpang', 'sakit', 'org', 'sakit', 'bs', 'disem']"
negatif,"['sikap', 'elit', 'pbnu', 'getol', 'bela', 'kaum', 'sodom', 'lgbt', 'bukti', 'ormas', 'tsb', 'suram', 'membusukpantas', 'gerah']"
positif,"['ku', 'highlight', 'tweet', 'kamu', 'botak', 'smart', 'people', 'kambing', 'hitam']"
negatif,"['yunianto', 'rangkai', 'dukadulu', 'takut', 'jaga', 'anak', 'prempuan', 'takut', 'jaga', 'anak', 'lakitulisan', 'ani']"
negatif,"['mn', 'bukti', 'kl', 'bnr', 'bela', 'lgbt', 'tuduh', 'media', 'abal', 'brkwalitas', 'gtu', 'kliatan', 'pinter']"
positif,"['grant', 'tokoh', 'agama', 'vonis', 'lgbt', 'adl', 'sakit', 'tular', 'ajar', 'psikologi', 'ranah', 'agama', 'mem']"
negatif,"['menko', 'polhukam', 'mahfud', 'md', 'lgbt', 'pidana', 'masuk', 'rkuhp', 'rkuhp', 'kat']"
positif,"['omong', 'kaya', 'hak', 'hak', 'bathil', 'bathil', 'pahit', 'rasa']"
negatif,"['susah', 'bicara', 'lgbt', 'nyata', 'adil', 'orang']"
positif,"['cemilan', 'lgbt']"
negatif,"['dlm', 'islam', 'lgbt', 'buat', 'laknat', 'allah', 'terima', 'azab', 'pedih', 'dunia', 'akhirat']"
negatif,"['dukung', 'pidana', 'lgbt']"
positif,"['rekomendasi', 'kemeja', 'retro', 'sista', 'nggak', 'kek', 'firaun']"
positif,"['kacau', 'portal', 'online', 'ajar', 'tulis', 'berita', 'cuit', 'nadir', 'bentur', 'nyata', 'hrs']"
negatif,"['porn', 'lgbt', 'cebol', 'berani', 'nongol', 'ditampol', 'khusus', 'oposisi', 'salfol']"
positif,"['toko', 'nu', 'jual', 'lgbt']"
negatif,"['kaum', 'lgbt', 'predator', 'normal', 'buru', 'sebayank', 'mugkin', 'manusia', 'bareng', 'nyembah', 'iblis', 'masuk', 'neraka']"
positif,"['lgbt', 'undang', 'bencana', 'alam', 'bencana', 'alam', 'peduli', 'lingkung']"
positif,"['gue', 'maksanya', 'btw', 'gue', 'hidup', 'damping']"
negatif,"['ente', 'sumut', 'rang', 'tu', 'lgbt', 'situ', 'cuman', 'koar', 'kerja', 'nyepil', 'gitu', 'bilang', 'buzzerp']"
negatif,"['off', 'ukhty', 'ri', 'mati', 'cair', 'cuan', 'komunitas', 'lgbt', 'dar', 'nanya']"
positif,"['saat', 'normal', 'kucil', 'jauh', 'keluarga', 'kaum', 'lgbt', 'kamu', 'ria']"
positif,"['lgbt', 'qi']"
negatif,"['surga', 'buron', 'korupsi', 'indonesia', 'singapore', 'surga', 'lgbt', 'negara', 'broker', 'miskin', 'sda', 'deret']"
positif,"['bela', 'dukung', 'kaum', 'lgbt', 'pidana', 'laku', 'jahat', 'lgbtnya', 'ngomong', 'pidana']"
positif,"['cinta', 'inggris', 'bangga', 'lgbt', 'brengos', 'tua', 'sok', 'sok', 'komentar']"
positif,"['pejaten', 'ketua', 'ri', 'mati', 'mic', 'rapat', 'bahas', 'lgbt', 'bukan', 'sial', 'suami']"
negatif,"['bela', 'lgbtga', 'perangkat', 'hukum', 'jerat', 'lgbt', 'hukum', 'agama']"
negatif,"['dirs', 'pelintir', 'cuit', 'manusia', 'judul', 'berita', 'laku', 'lgbt', 'bentur', 'ce']"
negatif,"['yess', 'ane', 'out', 'lgbt', 'harga', 'mati', 'tentang', 'kasih', 'ruang']"
negatif,"['kibar', 'bendera', 'satu', 'tukang', 'zina', 'konyol']"
negatif,"['bela', 'lgbtga', 'lom', 'perangkat', 'hukum', 'jerat', 'lgbt', 'hukum']"
negatif,"['sakit', 'lgbt', 'loe', 'pake', 'argumen', 'balik', 'orang', 'sehat', 'tular', 'kesel']"
negatif,"['lgbt', 'takdir', 'sam', 'brodie', 'lambat', 'usia', 'samuel', 'david', 'alexander', 'brodie']"
negatif,"['viralin', 'isu', 'buzzerp', 'radikal', 'radikul', 'lgbt', 'periode', 'kriminalisasi', 'ulama', 'adu', 'domba', 'rakyat', 'anis', 'dst', 'dst', 'dst']"
negatif,"['silah', 'rakyat', 'catat', 'partai', 'politis', 'pro', 'kaum', 'sodom', 'lawan', 'norma', 'agama', 'pancasila', 'tenggelamken']"
negatif,"['panggung', 'sat', 'set', 'sat', 'set', 'lapor', 'ras', 'ruhut', 'eh', 'tau', 'bela', 'lgbt']"
positif,"['indonesia', 'legal', 'lgbt']"
negatif,"['tagar', 'lgbt', 'biar', 'tumbuh', 'masyarakat', 'mari', 'dukung', 'perintah', 'tetap']"
negatif,"['dubes', 'inggris', 'kibar', 'bendera', 'lgbt', 'lbh', 'pelita', 'umat', 'lancang']"
negatif,"['qatar', 'tolak', 'keras', 'world', 'cup', 'susup', 'pesan', 'lgbtkeren']"
positif,"['as', 'tokoh', 'nu', 'masyarakat', 'hormat', 'lgbt', 'manusia', 'dosa', 'urus', 'allah', 'oposisi', 'cerdas']"
positif,"['lgbt', 'ranah', 'privat', 'nggak', 'diurusin', 'urusin', 'promosi']"
negatif,"['kaum', 'lgbt', 'predator', 'normal', 'buru', 'manusia', 'bareng', 'nyembah', 'iblis', 'masuk', 'neraka']"
negatif,"['sampe', 'monyet', 'betelor', 'statement', 'disambungin']"
negatif,"['bela', 'lgbt', 'skrg', 'matiin', 'mic', 'besok', 'anak', 'paksa', 'ikut', 'didik', 'seks', 'versi', 'paksa']"
positif,"['dirs', 'pelintir', 'cuit', 'manusia', 'judul', 'berita', 'laku', 'lgbt', 'bentur', 'cepat']"
positif,"['pejaten', 'ketua', 'ri', 'mati', 'mic', 'rapat', 'bahas', 'lgbtbukan', 'sial', 'suami']"
negatif,"['perilaku', 'simpang', 'seksual', 'lgbt', 'propaganda', 'kian', 'resah', 'ancam', 'generasi', 'muda', 'pandang']"
positif,"['heran', 'mana', 'akal', 'sehat', 'cek', 'fakta', 'cuit', 'gus', 'nadir']"
negatif,"['lgbt', 'watanzania', 'karibu', 'wote', 'hawazijui', 'hata', 'zinamaanisha', 'nini']"
negatif,"['faktor', 'orang', 'lgbt', 'ngerasain', 'beda', 'ngeklaim', 'gender', 'dysphoria']"
negatif,"['lgbt', 'takdir', 'sam', 'brodietak', 'lambat', 'usia', 'samuel', 'david', 'alexander', 'brodie', 'sam']"
negatif,"['haloo', 'warga', 'nahdliyin', 'lurus', 'sampe', 'anak', 'cucu']"
negatif,"['konsep', 'islam', 'ttg', 'lgbt', 'islam', 'haram', 'lgbt', 'dr', 'fitrah', 'pria', 'wanita', 'shg', 'lgbt', 'hrs', 'dilrg', 'mungkar', 'agr']"
positif,"['sindir', 'bela', 'lgbt', 'nicho', 'silalahi', 'gilir', 'tanah', 'rakyat', 'rampas', 'muncung', 'diam']"
negatif,"['tagar', 'lgbt', 'biar', 'tumbuh', 'masyarakatmari', 'dukung', 'perintah', 'tetap']"
negatif,"['alam', 'pribadi', 'laku', 'kutuk', 'lgbt', 'thd', 'makasar', 'thn', 'pulang']"
positif,"['publik', 'majemuk', 'tahun', 'akrab', 'tradisi', 'lgbt', 'pakai', 'istilah']"
negatif,"['ofmagadh', 'phir', 'shuru', 'inka', 'lgbt']"
positif,"['gus', 'nadir', 'lgbt', 'bawa', 'roh', 'suci', 'allah', 'rentet', 'peristiwa', 'nyata', 'tengah', 'deddy', 'undang']"
positif,"['bandingin', 'orang', 'gilang', 'kntdd', 'lgbt', 'mikir', 'makan']"
negatif,"['dubes', 'inggris', 'ngambekkan', 'negara', 'ri', 'daulat', 'negara', 'minggu']"
negatif,"['following', 'kurang', 'beneran', 'cari', 'panggung', 'dpt', 'panggung', 'ruhut', 'eh', 'dukung', 'lgbt']"
positif,"['bamukmin', 'gegabah', 'heineken', 'sponsorship', 'dunia']"
negatif,"['maaf', 'bang', 'orang', 'muslim', 'agama', 'lgbt', 'larang']"
negatif,"['muslim', 'tolak', 'nama', 'lgbttapi']"
positif,"['dirs', 'gus', 'bela', 'kaum', 'lgbt', 'guskami', 'mohoncuma', 'nu', 'satu', 'harap', 'kaum', 'lgbt', 'naung']"
positif,"['dirs', 'pelintir', 'cuit', 'manusia', 'judul', 'berita', 'laku', 'lgbt']"
negatif,"['anggota', 'dewan', 'singgung', 'lgbt', 'rapat', 'paripurna', 'puan', 'langsung', 'mati', 'mic']"
positif,"['serah', 'lgbt', 'dosa', 'simpang', 'salah', 'apa']"
negatif,"['halah', 'bokefer', 'dukung', 'lgbt', 'kumurkumur', 'norak', 'lu', 'son']"
negatif,"['budayawan', 'muhammadiyah', 'umat', 'islam', 'wajib', 'lawan', 'lgbt', 'umat', 'islam', 'wajib', 'buka', 'lawan', 'lesbian', 'gay', 'biseksual', 'transgender']"
negatif,"['kanjengraden', 'formula', 'sponsor', 'bir', 'lgbt', 'daerah', 'kadrun', 'padang', 'bogor', 'perkosa', 'massal', 'santri', 'gabener', 'peluk']"
positif,"['bangga', 'lgbt', 'orang', 'indonesia']"
negatif,"['surga', 'buron', 'korupsi', 'indonesia', 'singapura', 'surga', 'lgbt', 'negara', 'broker', 'miskin', 'sda']"
negatif,"['moga', 'anak', 'turun', 'elu', 'lgbt', 'perilaku', 'lgbt', 'aamiin']"
negatif,"['help', 'like', 'penuh', 'tugas', 'ak', 'nulis', 'judul', 'lgbt', 'negeri', 'adat', 'jg', 'bahas', 'lgbt']"
negatif,"['pejaten', 'ketua', 'ri', 'mati', 'mic', 'rapat', 'bahas', 'lgbt']"
negatif,"['lu', 'betina', 'jantan', 'enak', 'gua', 'panggil', 'lihat', 'wajah', 'lu', 'kayak', 'lgbt', 'betina', 'jantan']"
negatif,"['sumpah', 'nama', 'allah', 'orang', 'kafir', 'musyrik', 'sumpah', 'allah']"
negatif,"['okok', 'henti', 'debat', 'ngeyel', 'vonis', 'stroke', 'lgbt', 'vonis', 'hivims', 'langsung']"
negatif,"['walah', 'logika', 'ni', 'bahas', 'lgbt', 'vs', 'babi', 'alkohol', 'pake', 'standar', 'apel', 'to', 'apel', 'babi', 'alkohol']"
negatif,"['udah', 'ngomong', 'rakyat', 'lawan', 'ketidakadilan']"
negatif,"['masak', 'dpr', 'kalah', 'tekan', 'lsm']"
negatif,"['fifa', 'jadi', 'nadir', 'sbagai', 'negosiator', 'urus', 'lgbt', 'urus', 'tuhan']"
positif,"['langsung', 'web', 'boskuh', 'bonus', 'garansi', 'potong']"
negatif,"['nneve', 'untung', 'mui', 'muhamadiyah', 'keras', 'mnentang', 'kesah', 'lgbt', 'indonesia']"
negatif,"['lgbt', 'bkn', 'kriminal', 'enak', 'udel', 'bawabawa', 'penjara', 'urus', 'tuhantrendingnya', 'jelek', 'hadeh', 'negara', 'wakanda']"
positif,"['orang', 'korupsi', 'bilang', 'wajar', 'heran', 'lgbt', 'napas', 'doang', 'masuk', 'penjara', 'aowwkwowk', 'kocak', 'gemingg']"
negatif,"['istri', 'nabi', 'luth', 'azab', 'allah', 'laku', 'dukung', 'buat', 'lgbt']"
positif,"['help', 'like', 'penuh', 'tugas', 'ak', 'nulis', 'judul', 'lgbt', 'negeri', 'adat', 'ak', 'jg', 'bahas']"
positif,"['ngakak', 'liat', 'lgbt', 'trending', 'kirain', 'koar', 'lgbt', 'pidanain', 'ngabruttt']"
positif,"['lgbt', 'kriminal', 'atur', 'penjara', 'lgbt', 'for', 'no', 'reason', 'just', 'because']"
positif,"['dirs', 'pelintir', 'cuit', 'csetiap', 'manusia', 'judul', 'berita', 'bentur']"
positif,"['lgbt', 'umur', 'hidup', 'tapa', 'salur', 'hasrat', 'seksual', 'bbrp', 'bocah']"
positif,"['best', 'seller', 'inone', 'wireless', 'bluetooth', 'headset', 'with', 'mic', 'kst', 'for', 'music', 'year', 'official', 'warranty', 'rp']"
negatif,"['niih', 'bani', 'tusbol', 'lgbt', 'kaum', 'dukung']"
negatif,"['dirs', 'pelintir', 'cuit', 'manusia', 'judul', 'berita', 'bentur']"
negatif,"['panggil', 'pake', 'gas', 'gus', 'gas', 'gus', 'lgbt', 'narkoba', 'candu', 'rusak', 'termasu']"
negatif,"['ttg', 'lgbt', 'buru', 'matiin', 'micjangannaaasssuu', 'dah']"
negatif,"['media', 'muat', 'lgbt']"
negatif,"['heryanto', 'tulis', 'tulis']"
negatif,"['macau', 'mei']"
negatif,"['thn', 'hrs', 'dlm', 'ceramah', 'sebut', 'lgbt', 'hina', 'hewan', 'ayam', 'akal', 'ayam']"
positif,"['penuh', 'tugas', 'ak', 'nulis', 'judul', 'lgbt', 'negeri', 'adat', 'ak', 'jg', 'bahas', 'ken']"
negatif,"['mari', 'dukung', 'tetap', 'rkuhp', 'atur', 'hukum', 'pidana', 'laku', 'lgbt']"
negatif,"['calon', 'plecidenkenapa', 'laku', 'bgini', 'dukun']"
positif,"['diwakanda', 'ormas', 'ngaku', 'islam', 'tp', 'swmua', 'larang', 'islam', 'dukung', 'ulama', 'islam', 'dihinaka']"
positif,"['ak', 'nu', 'cabang', 'lgbtia']"
negatif,"['respons', 'mahfud', 'komisi', 'iii', 'dpr', 'pasti', 'lgbtzina', 'masuk', 'draf', 'rkuhp']"
negatif,"['dirs', 'pelintir', 'tp', 'sikap', 'and', 'akan', 'bela', 'lgbt', 'pancing', 'orang', 'gerah', 'buat', 'demik']"
negatif,"['eh', 'lgbt', 'ngaruh', 'ntar', 'lgbt', 'populasi', 'manusia', 'bumi', 'punah', 'bagus', 'loe', 'orang']"
positif,"['kacau', 'portal', 'online', 'ajar', 'tulis', 'berita', 'cuit', 'nadir', 'bentur', 'nyata', 'hrs', 'ce']"
positif,"['covid', 'tuduh', 'dalang', 'beliau', 'skrang', 'cacar', 'monyet', 'jg', 'bilang', 'dalang', 'beliau', 'jgsuruh', 'wh']"
negatif,"['id', 'budayawan', 'muhammadiyah', 'umat', 'islam', 'wajib', 'lawanlgbt']"
negatif,"['ngotot', 'bener', 'bela', 'lgbt', 'elu', 'pikir', 'elu', 'nongol', 'dunia', 'dr', 'ortu', 'lgbt']"
negatif,"['sin', 'is', 'sin', 'dosa', 'lgbt', 'dosa', 'dosa']"
negatif,"['marm', 'nabi', 'kutuk', 'lgbt', 'eh', 'lu', 'agus', 'nyuruh', 'hormat', 'lgbt', 'pala', 'lo', 'bauk', 'agus']"
negatif,"['dirs', 'pelintir', 'cuit', 'csetiap', 'manusia', 'judul', 'berita', 'laku', 'lgbt', 'bentur', 'ce']"
positif,"['mati', 'mbak', 'anggota', 'dewan', 'singgung', 'lgbt', 'rapat', 'paripurna', 'mbak', 'sue']"
positif,"['gera', 'lgbt', 'indonesia', 'proyek', 'dunia', 'kelola', 'badan', 'khususinternasional']"
negatif,"['kaum', 'lgbt', 'predator', 'normal', 'mrk', 'buru', 'sebyk', 'mgkn', 'manusia', 'bareng', 'nyembah', 'iblis', 'msk', 'neraka']"
negatif,"['pejaten', 'lgbt', 'lesbian', 'gay', 'bisexsual', 'transgender', 'sakit', 'laknat', 'rasulullah', 'shalallahu', 'alaihi', 'wasallam', 'bers']"
negatif,"['udah', 'negara', 'antilgbt', 'deddy', 'ngundang', 'pasang', 'gay', 'kontroversial', 'lu', 'pindah', 'negara', 'kek', 'beli', 'kacang']"
positif,"['tuju', 'komentar', 'lgbt', 'retweet', 'gus', 'nadir']"
negatif,"['lgbt', 'matiin', 'mic', 'gimana', 'bela', 'nasib', 'muslim', 'indonesia', 'tutup', 'pintu', 'kantor', 'dpr']"
negatif,"['marm', 'nabi', 'kutuk', 'lgbt', 'eh', 'lu', 'agus', 'nyuruh', 'hormat', 'lgbt', 'pala', 'lo', 'baukagus']"
negatif,"['lgbt', 'takdirsam', 'brodie', 'lambat', 'usia', 'samuel', 'david', 'alexander', 'brodie', 'sam']"
negatif,"['bcd', 'chattan', 'lgbt', 'bt', 'ajg', 'astagfirullah', 'gitu']"
positif,"['help', 'like', 'penuh', 'tugas', 'ak', 'nulis', 'judul', 'lgbt', 'negeri', 'adat', 'ak', 'jg', 'bahas', 'ken']"
negatif,"['perilaku', 'lgbt', 'perspektif', 'hukum', 'indonesiaa', 'thread']"
negatif,"['anyingg', 'trending', 'lgbt']"
negatif,"['dlm', 'islam', 'lgbt', 'perbuatanyg', 'laknat', 'allah', 'terima', 'azab', 'pedih', 'dunia', 'akhirat', 'agama']"
negatif,"['curhat', 'amin', 'ak', 'mik', 'mati', 'puan', 'suara', 'bahaya', 'lgbt', 'tuju', 'pidana']"
negatif,"['yunianto', 'percaya', 'laku', 'lgbt', 'bahagiakebahagiaan', 'semu', 'kejar', 'ujung', 'derita']"
negatif,"['maaf', 'abang', 'bela', 'lgbt', 'sya', 'abang', 'anak', 'abang', 'jdi', 'lgbt', 'lgbt', 'sakit', 'bang']"
negatif,"['opm', 'jlas', 'troris', 'kga', 'total', 'lu', 'lawan', 'disbut', 'sodara', 'tag', 'semarang', 'ganjar', 'pranowo', 'monyet', 'kalong', 'puan', 'sodom']"
negatif,"['kaya', 'giat', 'medsos', 'tebar', 'teror', 'anggap', 'teroris', 'isi', 'tulis', 'penafsiranya', 'kaya']"
negatif,"['bgn', 'dr', 'lgbtapaanda', 'senang', 'klau', 'klg', 'nikmat', 'lobang', 'taiapakah', 'bangga', 'dukung', 'penikma']"
negatif,"['dlm', 'cipta', 'ruh', 'allah', 'hembus', 'asma', 'allah', 'rosulnya', 'ruh', 'dah', 'brojol', 'emang', 'ruh']"
negatif,"['pejaten', 'lurah', 'istana', 'spesies', 'lgbt', 'bongdrun', 'selebtwit', 'nyaterutama', 'kaum', 'bodoh', 'gratis', 'cebong', 'bis']"
positif,"['lgbt', 'bincang', 'hangat', 'bukti', 'trendingnya', 'lgbt']"
negatif,"['pelintir', 'cuit', 'manusia', 'judul', 'berita', 'laku', 'lgbt', 'bentur', 'ce']"
negatif,"['ukhty', 'mati', 'cair', 'cuan', 'komunitas', 'lgbt', 'dar', 'nanya']"
positif,"['bugis', 'sperti', 'lgbt', 'pikir', 'casing', 'sperti', 'tp', 'buat']"
negatif,"['buat', 'laknat', 'loe', 'doang', 'kena', 'imbas', 'nga']"
negatif,"['mulut', 'sampah', 'bisa', 'kritik', 'kerja', 'berseberanganmau', 'nonton', 'kaum', 'simpang', 'alias', 'lgbt']"
negatif,"['lgbt', 'jangkit', 'level', 'tengah', 'atascoba', 'berani', 'ketua', 'dprri', 'foto', 'publik']"
negatif,"['kaum', 'bong', 'spesies', 'lgbt', 'kumpul', 'kuningan', 'iniada', 'aming', 'tokoh', 'lgbt', 'bicara', 'hak']"
positif,"['lgbt', 'biar', 'tumbuh', 'masyarakatmari', 'dukung', 'perintah', 'tetap']"
negatif,"['bang', 'yos', 'manusia', 'intelijen', 'pikir', 'prediksi', 'buruk', 'datangjadi', 'bener', 'bang', 'yos', 'waspada']"
positif,"['bhineka', 'tunggal', 'ika', 'beda', 'beda', 'lgbt', 'mana', 'beda', 'orang', 'suka', 'paksa']"
negatif,"['jambret', 'udah', 'dapet', 'hukum', 'masuk', 'benar']"
negatif,"['denger', 'denger', 'matiin', 'mic', 'pas', 'bahas', 'sanksi', 'lgbt', 'kah']"
negatif,"['agama', 'islam', 'gerogot', 'syiah', 'yahudi', 'susup', 'nu']"
positif,"['orang', 'komunis', 'pro', 'lgbt', 'agama', 'halal', 'lgbt']"
positif,"['kaum', 'kasih', 'ruang', 'adil']"
negatif,"['suka', 'sikap']"
negatif,"['lgbt', 'gender', 'lgbt', 'perilaku', 'simpang', 'sakit', 'org', 'sakit', 'bs', 'sembuh']"
positif,"['ku', 'highlight', 'tweetmu', 'botak', 'smart', 'pipel', 'dikambinghitamkan']"
positif,"['konon', 'uas', 'urus', 'konon', 'bendera', 'lgbt', 'urus', 'gilir', 'bendera', 'tauhid', 'urus', 'desember', 'urus']"
positif,"['beli', 'ticket', 'pesawat', 'afganistan', 'ntar', 'sewain', 'pesawat', 'hotel', 'akomodasi']"
positif,"['rangkai', 'duka', 'takut', 'jaga', 'anak', 'prempuan', 'takut', 'jaga', 'anak', 'laki', 'tulis', 'dr', 'ani']"
positif,"['tokoh', 'agama', 'vonis', 'lgbt', 'adl', 'sakit', 'tular', 'ajar', 'psikologi', 'ranah', 'agama', 'mem']"
positif,"['ngomong', 'kaya']"
negatif,"['mati', 'cair', 'cuan', 'komunitas', 'lgbt', 'dari', 'tanya']"
negatif,"['susah', 'ngomong', 'lgbt', 'nyata', 'adil', 'orang']"
negatif,"['dlm', 'islam', 'lgbt', 'buat', 'laknat', 'allah', 'terima', 'azab', 'pedih', 'dunia', 'akhirat']"
negatif,"['dukung', 'pidana', 'lgbt']"
positif,"['rekomendasi', 'kemeja', 'retro', 'sista', 'nggak', 'kek', 'firaun']"
positif,"['kacau', 'portal', 'online', 'ajar', 'tulis', 'berita', 'cuit', 'nadir', 'bentur', 'nyata', 'hrs']"
negatif,"['porn', 'lgbt', 'cebol', 'berani', 'nongol', 'ditampol', 'khusus', 'oposisi', 'salfol']"
positif,"['toko', 'nu', 'jual', 'lgbt']"
negatif,"['kaum', 'lgbt', 'predator', 'normal', 'buru', 'sebayank', 'mugkin', 'manusia', 'bareng', 'nyembah', 'iblis', 'masuk', 'neraka']"
positif,"['lgbt', 'undang', 'bencana', 'alam', 'bencana', 'alam', 'peduli', 'lingkung']"
positif,"['gue', 'maksanya', 'btw', 'gue', 'hidup', 'damping']"
negatif,"['ente', 'sumut', 'rang', 'tu', 'lgbt', 'situ', 'cuman', 'koar', 'kerja', 'nyepil', 'gitu', 'bilang', 'buzzerp']"
negatif,"['mulut', 'sampah', 'bisa', 'kritik', 'kerja', 'berangan', 'nonton', 'kaum', 'simpang', 'alias', 'lgbt']"
negatif,"['off', 'ukhty', 'ri', 'mati', 'cair', 'cuan', 'komunitas', 'lgbt', 'dar', 'nanya']"
positif,"['heran', 'lgbt', 'indonesia', 'banyak', 'munafik', 'juang', 'hak']"
positif,"['fyi', 'lgbt', 'tindak', 'pidana']"
positif,"['saat', 'normal', 'mengucilkanmenjauhkan', 'keluarga', 'kaum', 'lgbt', 'ente', 'ria']"
negatif,"['bendera', 'tauhid', 'antum', 'bakar', 'bendera', 'lgbt', 'antum', 'kibar', 'benar', 'antum', 'salah', 'batil', 'antum', 'bela']"
negatif,"['qatar', 'haram', 'lgbt', 'piala', 'dunia', 'tukar', 'agama', 'turnamen']"
positif,"['lgbt', 'qi']"
negatif,"['surga', 'buron', 'korupsi', 'indonesia', 'singapore', 'surga', 'lgbt', 'negara', 'broker', 'miskin', 'sda', 'deret']"
positif,"['bela', 'dukung', 'kaum', 'lgbt', 'pidana', 'laku', 'jahat', 'lgbtnya', 'ngomong', 'pidana']"
positif,"['cinta', 'inggris', 'bangga', 'lgbt', 'brengos', 'tua', 'sok', 'sok', 'komentar']"
negatif,"['bahaya', 'lgbt']"
positif,"['pejaten', 'ketua', 'ri', 'mati', 'mic', 'rapat', 'bahas', 'lgbtbukan', 'sial', 'suami']"
negatif,"['bela', 'lgbtga', 'perangkat', 'hukum', 'jerat', 'lgbt', 'hukum', 'agama']"
negatif,"['dirs', 'pelintir', 'cuit', 'manusia', 'judul', 'berita', 'laku', 'lgbt', 'bentur', 'ce']"
negatif,"['yess', 'ane', 'out', 'lgbt', 'harga', 'mati', 'tentang', 'kasih', 'ruang']"
negatif,"['organisasi', 'sehat', 'dunia', 'who', 'ingat', 'sakit', 'cacar', 'monyet', 'monkeypox', 'lonjak']"
positif,"['hipokrit', 'sikap', 'poligami', 'tentang', 'cadar', 'larang', 'hak', 'sifat']"
negatif,"['dirs', 'pelintir', 'cuit', 'manusia', 'judul', 'berita', 'laku', 'lgbt', 'bentur']"
negatif,"['silalahi', 'gilir', 'lgbt', 'lantang', 'suara', 'hormat', 'hak', 'gilir', 'tanah', 'rakyat', 'rampas', 'upah', 'murah']"
negatif,"['pro', 'lgbt', 'buang', 'jurang', 'dalam']"
negatif,"['kibar', 'bendera', 'satu', 'tukang', 'zina', 'konyol']"
negatif,"['bela', 'lgbtga', 'lom', 'perangkat', 'hukum', 'jerat', 'lgbt', 'hukum']"
negatif,"['sakit', 'lgbt', 'loe', 'pake', 'argumen', 'balik', 'orang', 'sehat', 'tular', 'kesel']"
negatif,"['lgbt', 'takdir', 'sam', 'brodie', 'lambat', 'usia', 'samuel', 'david', 'alexander', 'brodie']"
negatif,"['bima', 'kader', 'muhammadiyah', 'sindir', 'tum', 'pbnu', 'bendera', 'lgbt', 'urus', 'gilir', 'bendera', 'tauhid', 'urus']"
