"b'RT @Im00568047: Dalam Islam, LGBT adalah perbuatan yg dilaknat Allah dan akan menerima azab yg sangat pedih di dunia dan di akhirat'"
b'RT @Nadhezda8: Dukung Pidanakan LGBT #HukumPelakuLGBT Hidayat Nurwahid LGBT bertentangan dengan Pancasila. https://t.'
"b'Rekomendasi kemeja retro, Sista. Yang jelas nggak bakal buat kalian terlihat kek Firaun Tag:  libur siang Ozil Aku https://t.co/SbevG8SqxL'"
b'RT @mihrabku: Inilah kacaunya portal online yang tak belajar dengan baik menulis berita. Cuitan Nadir dibenturkan dengan pernyataan HRS.'
"b'Porn, LGBT dan cebol Jangan berani nongol Kalo tidak mau ditampol Krn ini khusus oposisi salfol @WiedYuli https://t.co/4s4r66ha0C'"
b'RT @NewOpang: Toko NU jualan lgbt https://t.co/WGiofthz99'
b'RT @HeriSuwondo2: Kaum LGBT itu predator bagi yg normal. Mrk terus berburu agar se-byk mgkn manusia bisa bareng2 nyembah Iblis &amp; msk neraka'
b'RT @jakeekylee: LGBT itu mengundang Bencana alam padahal bencana alam itu sendiri datang dikarenakan kita tidak peduli dengan lingkungan kita'
b'@hartahtangelica @f0rdd_ @FNazy14 @otterion @deadnervously lah gue ga ada maksa2nya btw. gue juga hidup berdampingan https://t.co/hebFiewxly'
b'Ente tahu Sumut? Perangi tu LGBT disitu. Jgn cmn koar2 Katanya kerja kok nyepil Gitu dibilang buzzeRp 1000 https://t.co/K1heXZU40N'
b'RT @VictoriaDanzG: @AkunRecehPeduli Mulut sampah bisanya mengkritik kinerja yang berseberangan. Mau nya nonton kaum menyimpang alias LGBT'
b'RT @coachaddie_off: Ukhty @puanmaharani_ri mengapa dimatikan ? Apa sudah cair cuan dari Komunitas LGBT? Sekedar Nanya https://t.co/yB17I2i'
b'RT @jakeekylee: Aku heran melihat LGBT di indonesia kebanyakan mereka munafik karena mereka tidak ingin memperjuangkan hak mereka bahkan'
b'@jyarakeren fyi lgbt mau ada tindak pidananya'
"b'@arvindonoviar atau disaat seseorang yg normal mengucilkan menjauhkan diri &amp; keluarganya dari kaum lgbt, ente teriak https://t.co/kB1iUwYzPq'"
"b'RT @fadlannuuwaar: Bendera Tauhid antum bakar, sementara bendera LGBT antum kibarkan, kebenaran antum salahkan, kebatilan justru antum bela'"
"b'RT @Isy4_N: Qatar Haramkan LGBT di Piala Dunia 2022: ""Kami Tidak Akan Menukar Agama Hanya Karena Turnamen 28 Hari"" https://t.co/VVUG1MReEi'"
b'@pfizerbelgique LGBT QI- !'
"b'RT @CutSarina5: Selain surga buat buron korupsi indonesia singapore juga surga buat LGBT,hanya negara broker dan miskin SDA'"
"b'Bukan mau membela atau mendukung kaum LGBT, yg harus di pidanakan itu pelaku kejahatan LGBTnya, ngomong soal pidana https://t.co/gBttmWAXe7'"
b'@Jon_de_Ababiel Cinta Inggris bangga jadi LGBT pak brengos sudah TUA... Gak usah sok sokan komentar !!!'
b'RT @ileng_s: Bahaya LGBT #HukumPelakuLGBT #HukumPelakuLGBT'
b'RT @Lurah_Pejaten: Ketua @DPR_RI mematikan mic saat rapat pembahasan soal LGBT.bukan karena apa apa itu namun karena sial nya lagi suami ke'
b'RT @fauzanrifan1: Cpa yg bela LGBT?.. Ga ada..... Cuma yg ada sekarang lom ada perangkat hukum yg bisa menjerat LGBT.... Kalo hukum agama'
b'RT @na_dirs: Ini pelintirannya luar biasa. Yang  dicuitkan setiap manusia tetapi  judul beritanya Pelaku LGBT.  Terus dibenturkan dg ce'
b'@MegaPKeliduan @arvindonoviar Yess ane juga out LGBT harga mati bukan menentang tapi  tidak boleh dikasih ruang ke https://t.co/k3Laf24awg'
b'RT @MCAOps: Organisasi Kesehatan Dunia (WHO) memberi peringatan pada penyakit cacar monyet (monkeypox). Lonjakan kasus ternyata terjadi di'
"b'RT @arvindonoviar: Saya tidak sehipokrit itu. Saya akan bersikap sama jika poligami ditentang, cadar dilarang. Karena itu hak yang bersifat'"
"b'RT @Nicho_Silalahi: Giliran LGBT Lantang kalian bersuara untuk menghormati hak mereka, tapi giliran Tanah Rakyat Dirampas, Upah Murah Pada'"
"b'@OposisiCerdas @ahmad86934922 Yg pro LGBT, buang jauh ke jurang terdalam.'"
"b'@arvindonoviar UU perzinaan berlaku kalau sudah berzina ,kibarkan bendera persatuan tukang ZINA  itu itu kekonyolan https://t.co/kduDG7RxAw'"
b'Cpa yg bela LGBT?.. Ga ada..... Cuma yg ada sekarang lom ada perangkat hukum yg bisa menjerat LGBT.... Kalo hukum https://t.co/GsYeTBXEU4'
b'@arvindonoviar lah yg penyakit itu LgBT.. Loe pake argumen itu terbalik.. Ga mungkin orang yg sehat menularkan kesehatan https://t.co/xg4QLw1qD0'
"b'RT @anafis_196: Kata siapa lgbt takdir..? SAM BRODIE: TAK ADA KATA TERLAMBAT Di usia 12 tahun, Samuel David Alexander Brodie, atau Sam'"
"b'RT @aLy_Bima: Kader Muhammadiyah Sindir Ketum PBNU: Bendera LGBT Bukan Urusan Kita, Giliran Bendera Tauhid Diurus...!! https://t.co/HqsuD4'"
b'Viralin Isu2 BuzzeRp Radikal radikul LGBT 3 periode Kriminalisasi Ulama Adu domba rakyat Anis Yang https://t.co/MRgmgecgN9'
b'RT @Lurah_Pejaten: Kaum bong spesies LGBT ada yang datang kumpul di kuningan tidak hari ini.ada aming tokoh LGBT yg akan bicara masalah hak'
"b'RT @ekowboy2: Silahkan rakyat mencatat partai &amp; politisi mana saja yg pro kaum sodom &amp; melawan norma agama serta Pancasila, tenggelamken!!'"
b'RT @ObatCytotecAsl: Obat Penggugur Kandungan Original Ready Stok Setiap Hari 24 SIAP MEMBANTU ANDA SAMPAI TUNTAS UNTUK RESPON CEPAT BISA'
"b'RT @cybsquad_: Dapat panggung setelah sat set sat set melaporkan rasisnya si ruhut, eh tau2nya pembela LGBT'"
"b'RT @ShaffaAja_: 10 Negara Larang LGBT, Indonesia Kapan? #HukumPelakuLGBT #HukumPelakuLGBT https://t.co/b3C8xBUHCK'"
b'RT @Cute_Tagar: LGBT tidak boleh dibiarkan tumbuh dalam masyarakat. Mari dukung pemerintah untuk menetapkan tegas #HukumPelakuLGBT Di Indo'
"b'RT @IlengMaze98: Kedubes Inggris Kibarkan Bendera LGBT, LBH Pelita Umat: Lancang! #HukumPelakuLGBT #HukumPelakuLGBT https://t.co/BWkfTRcm'"
"b'RT @Ayyasy_K: Qatar tolak dg keras, World Cup 2022 disusupi pesanan LGBT. Keren #HukumPelakuLGBT #HukumPelakuLGBT https://t.co/ZQ3yjCjmW4'"
b'RT @cybsquad_: Jangan beri panggung buat orang2 LGBT dan pembelanya'
b'RT @sahaL_AS: Tokoh NU Ini Minta Masyarakat Hormati LGBT sebagai Sesama Manusia: Dosa Itu Urusan Allah - Oposisi Cerdas https://t.co/bHVtPF'
b'RT @MNW_MNW_MNW: Konon UAS bukan urusan kita. Konon Bendera LGBT bukan urusan kita. Giliran Bendera Tauhid diurus.  Bulan Desember diurus.'
b'Obat Penggugur Kandungan Original Ready Stok Setiap Hari 24 SIAP MEMBANTU ANDA SAMPAI TUNTAS UNTUK RESPON CEPAT https://t.co/8H6u3fnsqO'
b'@Ridwan08952299 @NuriSunaryanto @Ustadz_Ahong Yg LGBT di ranah privat ya nggak usah diurusin. Kita urusin yg mempromosikan LGBT https://t.co/C5qCbl0rOt'
b'@LuqmanAwalludin @FNazy14 @otterion @deadnervously ya sampe monyet betelor juga kalo statement tadi disambungin sam https://t.co/F2zULdzJMp'
b'RT @RyzOriez: Tolak LGBT #HukumPelakuLGBT #HukumPelakuLGBT https://t.co/Ty8fu4is6S'
"b'RT @richardmorstars: Tiap malam mereka mengadakan pentas LENGGER, sebuah kesenian tradisional yang dibawakan oleh para penari perempuan, ya'"
"b'RT @malakmalakmal: Pembela LGBT skrg sudah matiin mic. Besok2, anak2 kita akan dipaksa mengikuti pendidikan seks versi mereka, dipaksa menolak'"
b'@democrazymedia jano lgbt kui singkatane opo to min'
b'RT @Aminakram_: Perilaku penyimpangan seksual LGBT dan propagandanya kian meresahkan dan mengancam generasi muda.'
b'@matlze Iya yg bahas lgbt'
"b'@RochideP @democrazymedia Saya heran pada kemana akal sehatnya? Tidak cek fakta dulu, jelas2 cuitan gus nadir itu utk LGBT https://t.co/L7lNLn2YfJ'"
b'RT @Aminakram_: Sehingga UU ini bisa diinterpretasikan atau ditafsirkan setuju dengan sexual consent. Selain itu terjadi kekosongan aturan'
"b'RT @Kadebae8: Hati-hati, Azab Bagi Pelaku LGBT Sangat Mengerikan#HukumPelakuLGBT#HukumPelakuLGBT https://t.co/j5XEnKVWhn'"
"b'RT @Aminakram_: Saat sidang Paripurna DPR RI tadi pagi, saya menyampaikan interupsi terkait perilaku LGBT. Saya berharap agar sanksi LGBT d'"
b'@Tichasteph @crazyTanzanian @CarolNdosi Hizo herufi za LGBT watanzania karibu wote hawazijui hata zinamaanisha nini https://t.co/tXhgQ8K8Aj'
"b'Puan Matikan Mic Saat Fraksi PKS Bahas LGBT, Tifatul Sembiring Sarkas: Mungkin Hemat Listrik https://t.co/faATu30TQ3 https://t.co/ViPzNy6Yd6'"
b'@asterika_ @m1ridical Apa sih faktor yg bikin orang jadi lgbt? Karena ngerasain dirinya berbeda terus ngeklaim gender dysphoria?'
b'RT @RCjpcpSnfBLLX9b: Agama manapun ga ada yg mendukung dan menghalalkan LGBT kecuali Orang - orang Sakit jiwa. Untuk itu #HukumPelakuLGB'
b'@faridelhakamy12 Bangga jadi LGBT  https://t.co/AoPwxjDCS7'
b'RT @Ryo_1981: @WargaNe86576945 @__Sridiana_3va haloo warga Nahdliyin yg masih lurusjangan sampe nanti anak cucu kita ketika ditanya apa be'
"b'KONSEP ISLAM TTG LGBTIslam haramkan LGBT, krn keluar dr fitrah pria &amp; wanita, shg LGBT hrs dilrg (mungkar) agr tdk https://t.co/UoRKTU3Wvs'"
"b'Dukung pidanakan kaum LGBTIndonesia merupakan negara dengan populasi Islam terbesar di Dunia, sudah sewajarnya me https://t.co/Lzktuo8aal'"
"b'RT @YulieReborn: Silakan kalian dukung para LGBT dengan dalih Hak Asasi, setelah Anakmu sendiri yang kena ,baru tau rasa.#HukumPelakuLGBT'"
"b'RT @geloraco: Sindir Pembela LGBT, Nicho Silalahi: Giliran Tanah Rakyat Dirampas, Muncung Kalian Pada Diamhttps://t.co/I5hq3A0wrM'"
"b'Teringat pengalaman pribadi mendapatkan perlakuan terkutuk dari LGBT thd saya. Saat itu, di Makasar thn 1986 pulang https://t.co/o2sSTxoVz3'"
b'@shulhirinjani @theoryof23 Publik itu majemuk. Sebagian sudah bertahun2 akrab dengan tradisi LGBT walau pakai istil https://t.co/ckKAHiThwb'
b'@DilbarTyagii @Singh20Nidhi @son_of_magadh @legalhash Phir shuru inka lgbt'
b'RT @ibnupratama2000: Gus Nadir : LGBT bawa roh suci dari Allah..Rentetan peristiwa yg nyata ada ditengah kita mulai dari Deddy C mengunda'
"b'@wineyumyum @HeriSuwondo2 Siapa yang bandingin sama orang Gilang kntdd, justru karena lgbt sedikit bisa mikir makan https://t.co/c8PAjWpRST'"
b'RT @keuangannews_id: Budayawan Muhammadiyah: Umat Islam Wajib Lawan LGBT https://t.co/VoVmWT07FK'
b'Dubes Inggris kok ngambekkan ya ? Ini negara RI yg punya kedaulatannya sendiri. Kalau di negaramu sana mau bermingg https://t.co/gMX5hoFtSi'
"b'lah following nya berkurang, beneran cari panggung itu. Baru aja dpt panggung di kasus ruhut. Eh malah dukung lgbt'"
b'@JoyPatanduk @aniesfor2024 @aniesbaswedan Bamukmin ini melihat dgn gegabah  ada  Heineken itu sponsorship dunia buk https://t.co/AQkj29FV0a'
"b'@zulkifl48777634 @CttnDmkrs Maaf bang! Saya orang muslim, dalam agama saya sudah jelas LGBT itu di larang! Saya ber https://t.co/OTyhoWiwkQ'"
b'@rpatriantobsc @malakmalakmal Saya juga muslim dan saya juga menolak yg namanya LGBT...tapi saya tau saya tidak bis https://t.co/yKbkQ2s5xE'
"b'RT @democrazymedia: Kader Muhammadiyah Sindir Ketum PBNU: Bendera LGBT Bukan Urusan Kita, Giliran Bendera Tauhid Diurus!https://t.co/HOsLL'"
b'RT @akuratco: Ketua Majelis Ulama Indonesia (MUI) bidang Dakwah dan Ukhuwah KH Muhammad Cholil Nafis menegaskan pelaku LGBT harus dipidana.'
b'@na_dirs Gus bela kaum LGBT gus...kami mohon..cuma NU lah satu satunya harapan kaum LGBT buat bernaung...'
"b'RT @paksiraras: klo ngomongin lgbt dan babi selalu heboh, seolah itu dosa paling besar'"
b'LGBT itu mengundang Bencana alam padahal bencana alam itu sendiri datang dikarenakan kita tidak peduli dengan lingk https://t.co/GIjushb8hD'
"b'RT @OposisiCerdas: Lagi, Anggota Dewan Singgung Masalah LGBT Saat Rapat Paripurna, Puan Langsung Matikan Michttps://t.co/NtWJRpWlEm'"
"b'Terserah kalian mau bilang LGBT dosa, penyimpangan, kesalahan, atau apapun itu. Tapi dengan adanya mereka juga gada https://t.co/VxNMjAXY3g'"
"b'RT @geloraco: Lagi, Anggota Dewan Singgung Masalah LGBT Saat Rapat Paripurna, Puan Langsung Matikan Michttps://t.co/7CPvfzh2zw'"
b'HALAH BOKEFER DAN PENDUKUNG LGBT KUMUR-KUMUR TAMBAH NORAK AJA LOE SON..!!! https://t.co/PYGz1xk6QX'
"b'RT @democrazymedia: PBNU Getol Bela LGBT, Aktivis: Pantas Aja Gerah Sama Kata Kafir dan Gemar Menstigma Ulama!https://t.co/lbVQnR0GPw'"
b'@arvindonoviar @MegaPKeliduan Hak hidup semua makhluk itu sudah di jamin.. Tapi masalah perbuatan dia yg menjadi Lg https://t.co/Xa8oeXrgLZ'
"b'@15_angka @MataKupingHati @msaid_didu Om klo mau silahkan mati sendri gak usah bawa orang akibat perbuatan LGBT mu, https://t.co/yuB709IIZE'"
"b'RT @MCAOps: Budayawan Muhammadiyah: umat Islam wajib lawan LGBT. Umat Islam wajib secara terbuka melawan Lesbian, Gay, Biseksual dan Transg'"
"b'RT @FariezHanna: Ustadz Abdul Somad: LGBT Penyakit, Bukan Pemberian Tuhan#HukumPelakuLGBT#HukumPelakuLGBT https://t.co/Cf63Q4aiOY'"
b'RT @_KanjengRaden: Formula E sponsor Bir.LGBT terbanyak daerah para Kadrun Padang &amp; Bogor.Pemerkosaan massal para santri.Gabener pelukan'
b'@ur_lildove Tolol lah kalo bener nyesel gua nungguin bertaun2 kalo cuma buat liat plot cacat ala netflix yg suka campaign lgbt'
b'@baroesy Bangga jadi LGBTSaya orang Indonesia '
"b'Selain surga buat buron korupsi indonesia singapore juga surga buat LGBT,hanya negara broker dan miskin SDA  Dere https://t.co/PPsMbqwiR2'"
"b'@arvindonoviar semoga seluruh anak keturunan elu menjadi LGBT, berperilaku seperti LGBT.Aamiin....'"
"b'RT @ItzSpearB: Untuk memenuhi tugas akhir aku, aku nulis dengan judul LGBT di Negeri Adat. Di dalam aku jg bahas'"
b'@adiiiinn @HusinShihab Lu betina apa jantan biar enak gW panggil tapi kalau lihat dari wajah lu kayak LGBT betina bukan jantan juga bukan'
b'Kata paling bull$hit yang pernah ada: LGBT adalah takdir https://t.co/U2unsQMD3S'
b'@mashursiregar Bangga jadi LGBT  https://t.co/WAaJ3omPUv'
"b'@Ngennez Apa mungkin kita telah hilang kehormatan? Maksud saya adalah, lihat saja mereka. Seperti tidak mengharga https://t.co/LLJDhdAcme'"
b'Aku heran melihat LGBT di indonesia kebanyakan mereka munafik karena mereka tidak ingin memperjuangkan hak mereka b https://t.co/aBjOSGPEJs'
"b'@arvindonoviar Bersumpah itu hanya atas nama Allah,... Hanya orang kafir dan musyrik yg bersumpah dengan selain All https://t.co/suv3QtB6Zz'"
b'@Bang_shandie Semoga yang dukung LGBT anak cucunya LGBT semua !'
b'RT @ekowboy2: Perokok bisa begitu saja berhenti tanpa debat &amp; ngeyel ketika divonis stroke..Begitupun LGBT begitu divonis HIV/IMS langsun'
"b'@arvindonoviar walah logika apa ni, bahas lgbt VS babi &amp; alkohol kok pake standar apel to apelkalo babi &amp; alkohol https://t.co/tXrNZBgykp'"
b'RT @T0nyH3R5_5W: Udah ga bs ngomong lahSUDAH WAKTUNYARAKYAT MELAWANKETIDAK  ADILAN INI#LuhutKompradorRRC #LuhutKompradorRRChttps://'
"b'RT @timpakul_89: masak DPR ""kalah"" oleh ""tekanan"" LSM.. #HukumPelakuLGBT #HukumPelakuLGBT.. https://t.co/svpgjwXiGS https://t.co/Jw'"
"b'@Isy4_N fifa harus jadikan nadir sbagai negosiator,biar dia smpaikan,urusan lgbt urusan sama tuhan'"
b'Langsung ke web kita ya boskuh banyak bonus dan garansi 100% tanpa potonganLink daftar: https://t.co/pzUMHjrpD9 https://t.co/ozwwweEo5t'
b'RT @Rajaalang2: @sony667788 @MCentre69 @_4nneve Untung masih ada MUI dan MUHAMADIYAH yg begitu keras mnentang pengesahan LGBT di indonesia'
b'@na_dirs Nadir perwkilan LGBT dari NAHDATUL ULAMA'
b'RT @Lurah_Pejaten: Selamat sore kaum kaum cherybol dan bong LGBT.kumpulan spesies sampah mencoba memaksakan diri dengan memaksa komisioner'
"b'Trendingnya jelek bgt, LGBT bkn kriminal. Seenak udel bawa-bawa penjara. Itu urusannya sama tuhan, hadeh negara wakanda.'"
"b'orang korupsi dibilang wajar, ga heran, lah lgbt bernapas doang masuk penjara aowwkwowk kocak gemingg'"
"b'RT @IiiZahrah: @khuzaym4h Istri Nabi Luth di Azab Oleh Allah Bukan Karena Dia Pelaku, Tapi Karena Dia Mendukung Perbuatan LGBT""Kami telah'"
"b'ngakak bgt liat lgbt trending, kirain kenapa, ternyata koar"" minta lgbt di pidanain ngabrutttt'"
b'RT @jakeekylee: Stop judging people dengan pemikiran kolot mu it cukup hargai mereka thats it dan beberapa orang bilang LGBT bisa membawa o'
"b'RT @jakeekylee: Dan kamu menyatakan menjadi LGBT itu kriminal dan harus ada aturannya, kamu mau memenjarakan LGBT for no reason just becaus'"
"b'Apa bapak ini kira LGBT seumur hidupnya bakal ""bertapa"" tanpa menyalurkan hasrat seksualnya? Bbrp kasus banyak boca https://t.co/C6U7N4gJtR'"
b'Best Seller INONE Wireless Bluetooth Headset with Mic KST900 for Music - 1 year official warrantyRp 135.000Diskon https://t.co/J14TXHsZ0K'
b'Stop judging people dengan pemikiran kolot mu it cukup hargai mereka thats it dan beberapa orang bilang LGBT bisa m https://t.co/v6nbEHvVEK'
b'@liempaku Bangga jadi LGBT https://t.co/DIZHk8TCTf'
"b'Niih bagi Bani tusbol ,LGBT dan para kaum pendukungnyaBacalah ! https://t.co/5xDBpMCsNq'"
"b'Menurut gw jd LGBT itu sebuah tantangan, tantangan dimana kita harus berubah menjadi normal, tantangan dimana kita https://t.co/Y0DqRhU1by'"
"b'RT @HukumDan: Yang bela belain kaum sodom itu ya kalau gak Gay ya Lesbi, gak jauh jauh lah dari LGBT. Apa lagi yang girang melihat kasus U'"
"b'RT @HukumDan: Panggilan pake gas gus gas gus, asal kamu tau LGBT itu sama dengan Narkoba, kalau sudah kecanduan, rusak semua nya termasuk k'"
b'@Daredeviilii pelaku LGBT '
b'@YuliYullie13 @geloraco ada pertanyaan ttg LGBT kok buru2 matiin mic...??jangan2.... aaasssuu dahlah...!!'
b'jepang 26-meibbfs    : 1 3 5 4 8 6bb shot : 14 38 51 43 86 63#togel #togelonline #japanlottery #kodealam #cuan https://t.co/np2aZAVfnP'
"b'RT @ariel_heryanto: Tulisan 30 tahun lalu. Jika ditulis sekarang, entah apa ada media besar yang mau memuatnya? Waktu itu LGBT juga tidak b'"
b'RT @OmegaF1998: @rinidyah6 NKRI dikuasai Pengkhianat Pelanggar Pancasila dan UUD 1945.. mereka Berusaha Menyusupkan Liberal ke NKRI Semacam'
b'PRO LGBT=ISLAMOPHOBIA? https://t.co/behe7Pnl3j'
b'macau p2 26-meibbfs    : 3 6 4 1 9 5bb shot : 34 61 49 13 96 59#togel #totomacau #togelonline #kodealam #cuan https://t.co/70Wb5T9XLM'
"b'Dan kamu menyatakan menjadi LGBT itu kriminal dan harus ada aturannya, kamu mau memenjarakan LGBT for no reason jus https://t.co/HBdjKqiFNK'"
b'@Ustadz_Ahong Jika saja di negara ini berlaku hukum Islam maka perilaku LGBT tak kan berkembang'
"b'Kader Muhammadiyah Sindir Ketum PBNU: Bendera LGBT Bukan Urusan Kita, Giliran Bendera Tauhid Diurus...!! https://t.co/HqsuD4xs0J'"
b'RT @Lurah_Pejaten: Ini bagaimana kaum bong LGBT dan cokro tv.kok malah dilaporkan ke polda metro oleh lurah istana.katanya lurah istana dil'
b'@Aminakram_ Bila Indonesia ingin hidup sehat bahagia tidak HIV Aids sipilis cacar dukung UU dan revisi KUHP LGBT https://t.co/7Q8GOckNZ5'
b'RT @Lurah_Pejaten: Kalian spesies menjijikan LGBT hanya korban halu nya cokro yg mengatakan membongkar Lurah istana.pantas saja menjadi pem'
b'@zutush Pov lu lgi liat org lol lgbt damn nsfw dan lu cuma bisa sarkas dan ngabrut'
b'Thn 2015 HRS dlm ceramahnya menyebut LGBT lebih hina dari hewan. Ayam yg gak punya akal aja tahu bahwa ayam jago https://t.co/PkvVtTy0iG'
"b'RT @UdhaKayuno: Mencari dasar Hukum pelarangan LGBT, jgn tanya Nasi Mawut, pasti malah tersesat. Lihat aja Dasar Ideologi Pancasila dari Ke'"
b'@arvindonoviar @MegaPKeliduan Dan anda pendukung LGBT di Indonesia?'
"b'RT @timpakul_89: mari kita dukung penetapan RKUHP yg mengatur ""hukum pidana"" pelaku LGBT.. #HukumPelakuLGBT #HukumPelakuLGBT.. https:'"
b'RT @jakeekylee: Aku tidak bilang kalau LGBT itu perlu dibenarkan tapi setidaknya hargai keberadaan mereka karena pada dasarnya LGBT itu sud'
b'Aku tidak bilang kalau LGBT itu perlu dibenarkan tapi setidaknya hargai keberadaan mereka karena pada dasarnya LGBT https://t.co/pcOXGAAYjC'
"b'Katanya Mau jadi Calon Pleciden,,,!Kenapa Kelakuan Ibu  @puanMaharani Ke bgini,,!Apa Anda(@puanMaharani) Pendukun https://t.co/BvxuLLh4Sy'"
"b'RT @iwanjanuarcom: Ada muslim yang marah lihat bendera tauhid dikibarkan, tapi tak ambil pusing bendera lgbt dinaikkan. Semoga Allah jaga'"
b'@TheFrenchNugget LGBT https://t.co/VXDomFMfzr'
b'@Isy4_N DIWAKANDA ADA ORMAS YG NGAKU ISLAM TP SWMUA YG DILARANG ISLAM MEREKA DUKUNG DAN BAHKAN ULAMA ISLAM DIHINAKA https://t.co/CeTiYBvaCO'
"b'Gus, Kemarin sd sh kemana? Masih hidupkah? Coba tanyakan, apakah meme ini mampu menyegarkan otak? Harusnya membandi https://t.co/HVsJa4j2JI'"
b'@iccank_inotav @AgungHa05086506 @CHAERONI_70 @bumnbersatu @aniesbaswedan @jokowi Ia sangat bener...tapi ceramah bel https://t.co/4CEsDRDhLX'
b'@gaktaubg @sib3r4s @basrahmat @Mantiko_Bungo Menyandingkan atheis dengan LGBT adalah hal yg aneh .... hehehe'
"b'@arvindonoviar Saya tak mencaci maki anda, kita hanya berdiskusi, kita memang berbeda dalam sudut pandang, itu disk https://t.co/ntuFNp6yr1'"
b'@Android_AK_47 Dia mah NU cabang LGBT.Ia gak sih...'
"b'Kalo kata pihak-pihak yang pro terhadap kelompok tersebut sih, LGBT itu termasuk hak dan kebebasan seseorang. Tapi https://t.co/VQ4E5yzo51'"
"b'Jika kita lihat dari segi hukumnya ternyata belum ada aturan khusus yang mengatur LGBT di Indonesia, kalo kata Pak https://t.co/7yD0E08W71'"
b'RT @Mr_Bot98: LGBT adalah Penyakit Menular#HukumPelakuLGBT#HukumPelakuLGBT https://t.co/ZfNAy6a4XP'
"b'RT @chakrawidjayas1: Respons Mahfud, Komisi III DPR Pastikan LGBT-Zina Masuk Draf RKUHPYes#HukumPelakuLGBT #HukumPelakuLGBT https://t'"
b'@taecharamel apani lgbt apani'
"b'RT @BrainwaveThe: @skyundocean @intelburjo @deadnervously Lahh udah jelas lgbt menyimpang dari ideologi indonesia, sila pertama aja jelas k'"
"b'@na_dirs Itu memang pelintiran, tp sikap and yg seakan akan membela lgbt memancing orang yg gerah utk berbuat demik https://t.co/ukzorJac8r'"
b'@rinidyah6 NKRI dikuasai Pengkhianat Pelanggar Pancasila dan UUD 1945.. mereka Berusaha Menyusupkan Liberal ke NKRI https://t.co/7z4XKoRFth'
"b'""eh LGBT tuh ngaruh bgt, ntar kalau LGBT makin banyak populasi manusia dibumi bisa punah"" Ya bagus lah kan loe oran https://t.co/qgwsAuRB9p'"
"b'LGBT (Lesbian, Gay, Biseksual, dan Transgender) yang identik dengan bendera pelangi ini adalah suatu perilaku menyi https://t.co/wncQ19kQBO'"
b'Terkait dengan isu di atas saya akan membahas dulu LGBT itu apa sih? Bagaimana yah perspektif hukum nasional maupun https://t.co/xl2DJ21Wsg'
"b'RT @z4r4n: Gerakan LGBT di Indonesia adalah proyek dunia, yang dikelola oleh satu badan khusus Internasional https://t.co/fD7IF8DlQy'"
b'@detikcom Covid 19 dituduh dalang beliau skrang cacar monyet apa jg dibilang dalang nya beliau jg??? ..suruh tuh WH https://t.co/C3zwtGAbz8'
"b'@MegaPKeliduan @KOPATREV @arvindonoviar Ooo manusia yg lagi getol"" nya membela kaum sodom itu????LGBT itu sampah peradaban asal klen tau'"
b'RT @keuangannews_id: Budayawan Muhammadiyah: Umat Islam Wajib Lawan LGBT https://t.co/VoVmWT07FK'
b'RT @hayati50049081: @arvindonoviar LGBT itu penyakit bukan gender. Elu main yih ke RSCM atau RS Dharmais. Gimana yang sudah kena AIDS / HIV'
b'@CNNIndonesia Mungkin di tim mereka ada LGBT makanya sempetin nunjukin dukungan?'
b'RT @la1laha1llallah: @arvindonoviar Ngotot bener bela LGBT elu pikir elu bisa nongol ke dunia ini dr ortu yg LGBT ya?'
b'RT @jakeekylee: Sin is a sinTidak ada dosa LGBT itu lebih besar karena tidak ada dosa besar dan dosa kecil'
b'@arvindonoviar lagu lu sok sok an mendukung lgbt...Allah SWT saja melaknat para pelaku lgbt..ini kok sok sok an mendukung perbuatan hina'
b'@democrazymedia Makanya belajar agama yg benar biar mengerti bagaimana ajaran islam yg benar. Jgn belajar dgn ulama https://t.co/4H1hOVIMLu'
"b'RT @Tan_Mar4M: Nabi aja mengutuk LGBT, Eh lu yg cuma Agus nyuruh kita menghormati LGBT? Pala lo bauk Agus'"
b'LGBT!  https://t.co/RWwmmjiO1L'
"b'@salahsambungya Tp udah jarang jg liat iklan rokok skrg.. ini aja tau dri sosmed klo Esse seringnya LGBT yg beli, d https://t.co/iLv3d8kJeU'"
b'Kenapa dimatikan mbak saat anggota dewan menyinggung masalah LGBT saat rapat paripurna? Mbak ingin mendapatkan sua https://t.co/3JdjbKE73c'
"b'RT @BungAji: Luar biasa, cukup sudah dua periode dikuasai yg ga capable memimpin negeri. Ini ada lg mau berkuasa tapi mengurus mic aja ga s'"
b'Sin is a sinTidak ada dosa LGBT itu lebih besar karena tidak ada dosa besar dan dosa kecil'
"b'Kenapasihhh nih negara udah tau krisis iklim, kekerasan domestik, ketimpangan kelas masih gede malah fokus ke LGBT yg ga ngaruh apa-apa'"
"b'RT @DonWoi: Tingkat Intelegensi Kaum LGBT jauh lebih rendah dibandingkan dengan Hewan, yang tidak pernah kawin sejenis#HukumPelakuLGBT #H'"
"b'RT @ashiryu_1989: @Lurah_Pejaten LGBT ~ Lesbian, Gay, Bisexsual, TransgenderPenyakit terlaknatRasulullah shalallahu alaihi wasallam bers'"
"b'RT @m1ridical: Udah tau negara anti-LGBT Deddy ngundang pasangan gay kontroversial, lu kira pindah negara kek beli kacang? bukannya bikin n'"
b'@math_sea @JelataKedai @CttnDmkrs @cholilnafis Jadi menurut anda lgbt bukan sesuatu yang salah?! Mikir dong! Kalo https://t.co/EofbI8KjRo'
"b'RT @Ngennez: Ternyata Kedubes Inggris Hanya Kibarkan Bendera LGBT di Indonesia, Tidak di Malaysia, Ada Apa? https://t.co/IYBJNMtw9O'"
b'RT @AkunRecehPeduli: Yang Setuju Komentar tentang LGBT dari :IBHRS Retweet Gus Nadir Like#HukumPelakuLGBT #HukumPelakuLGBT https:/'
"b'RT @petgoodboy: @icebeay @deadnervously Salah bukan berarti kita seenaknya nindak atau ngehukum mereka, emang mereka bikin kejahatan apa? N'"
"b'Masih soal LGBT aja matiin mic, gimana mo bela nasib muslim se indonesia? Bisa2 tutup pintu tuh kanTor DPR https://t.co/Vl1PMyNZwa'"
"b'RT @YulieReborn: Ingat !!!Dosa bukan hanya buat Pelaku, tapi orang yang membiarkan dan tidak menolak LGBT mendapat dosa yang sama.#Hukum'"
"b'RT @arvindonoviar: Di Highlight story Instagram, saya telah urai perkara LGBT ini. Dan bukan hanya LGBT. Juga tentang Syiah dan lain-lain.'"
"b'RT @Lurah_Pejaten: Kaum cebong Homo LGBT di cokro gagal dalam operasi yg diberi nama""kilurah"".sudah di sebar ke grup grup wa mereka namun g'"
b'RT @rinidyah6: @GnwnMulyadi #HukumPelakuLGBT #HukumPelakuLGBT pesan utk para pelaku  &amp; pendukung LGBT masa iya  dia lbh punya akal seha'
"b'@arvindonoviar Bro ingat ""kaum sodom"" dizaman  kenabiian Luth, jangan melecehkan PANCASILA yang sebagai dasar negar https://t.co/zU5csWq2J9'"
"b'@0xCantaloupe @HujanSuperWin @DonWoi Dimana2 org tuh memperkecil potensi penularan penyakit, kalian malah menaikkan https://t.co/JVrmq48UMq'"
b'LGBT adalah Penyakit Mental dan Bisa Disembuhkan | Republika Online Mobile https://t.co/rnlQMuqWU5'
b'bcd = bisa chattan dululgbt = lagi btAJG = Astagfirullah jangan gitum#m#k = ibu (ajg)ajg = Astagfirullah jangan https://t.co/uOtlVWDEsv'
"b'RT @HidayatullahSLM: Komunitas LGBT Akan Gelar Acara di Makassar, MUI Sulsel Tegas Menolak | Hidayatullah Sleman https://t.co/zWfeydvPHq'"
b'Blazer Set Buat Ngantor Rating 5.0 https://t.co/fWyZw7gZEq#IndonesiaOpen2022 #Sangebanget #FilmTheDoll3 https://t.co/4uYeBYi44N'
b'Perilaku LGBT Dalam Perspektif Hukum Indonesia THREAD'
b'@NonChitt Sama aja anyingg. Tapi trending satu lgbt'
"b'RT @HukumDan: Kalau gak mampu beli ticket pesawat ke Afganistan.. Bilang aja, ntar saya sewain pesawat berikut hotel dan akomodasi. Gak us'"
b'James Martin SJ: Ruang Perjumpaan Gereja dan Komunitas LGBT https://t.co/0bj2G0OGe7 via @SESAWI.NET @dedeoetomo'
b'@rennjwiin boti dalam hbgn apa boti emg bs untuk arti bonceng tiga bs jg untuk hal yg itu lgbt tp ak jg ga ngerti sieeee'
b'RT @LstwnA: Curhat Amin AK Seusai Miknya Dimatikan Puan Kala Menyuarakan Bahaya LGBT!!Yang Setuju Pidanakan #HukumPelakuLGBT#HukumPe'
"b'RT @akhmad_yunianto: PERCAYALAH, TIDAK ADA PELAKU LGBT BERAKHIR DENGAN BAHAGIA.KEBAHAGIAAN SESAAT &amp; SEMU YG DIKEJAR,BERUJUNG PADA DERITA'"
"b'RT @BocahUdik4: @arvindonoviar Maaf nih,abang kan bela LGBT,Sya tanya,apa abang mau anak2 abang jdi LGBT,sebab LGBT itu penyakit bang,???'"
"b'Orang2 LGBT bingung banget sekarang menuju 2024:1) pasca podcast corbuzier, maki2 REZIM jokowi karena mereka kini https://t.co/mNZ12mFP7Z'"
"b'RT @petugaspartei: OPM yg jlas2 troris kga total lu lawannya,malah disbut sodaratag Semarang Ganjar Pranowo Monyet Pekalongan Puan Sodom'"
"b'@_ekokuntadhi Kaya gini kok penggiat medsos ! Penebar teror dianggap teroris, isi tulisan dg penafsiranya kok kaya https://t.co/vaDH4Xdb40'"
b'@KOmengKO_25 krn sdh tidak ada argunemtasi lg utk membenarkan LGBT apalagi dg argumentasi agama maka dg logika ngaw https://t.co/aW8QPyJWXi'
b'RT @43xNih: Kaum Anus... Di haramkan ke qatar...LGBT kaum laknat emang tak pantas sih di kasih tempat di dunia ini...LGBT kaum terhina.'
b'@na_dirs apakah anda bgn dr lgbt?apaanda senang klau klg anda penikmat lobang tai?apakah anda bangga dukung penikma https://t.co/58ramxGAZY'
b'RT @sucisexx1: Siang sayang ready skrng Open vcs #Sangebanget LGBT https://t.co/pxCuz1G6DB'
b'RT @Berliannew: #HukumPelakuLGBT#HukumPelakuLGBTDengarkan curahan hati dr. Inong yang menghadapi langsung pasien LGBT.. Menyedihkan korb'
"b'RT @geloraco: Puan Matikan Mic Saat Fraksi PKS Bahas LGBT, Tifatul Sembiring Sarkas: Mungkin Hemat Listrikhttps://t.co/KfbABcENex'"
b'RT @Indonesia_Siaga: Lindungi keluarga fan masyarakat dari BAHAYA LATEN LGBT dan Komunisme. Mereka sailing bahu membahu hancurkan keluarga'
b'@RyzOriez Siapa yg bertanggung jawab soal LGBT koruptor triliunan bebas Utang Numpuk ?#HukumPelakuLGBT https://t.co/XMhqeEgjjz'
"b'@na_dirs Dlm penciptaan ruh, Allah sudah menghembuskan asma Allah n RosulNYA terus saat ruh dah brojol emang si ruh https://t.co/qjmn2rsVan'"
"b'RT @Lurah_Pejaten: Lurah istana katakan kepada spesies LGBT bongdrun dan selebtwit semua nya:terutama kaum bodoh gratisan cebong,kalian bis'"
b'@BuffDogeKing @nnlchd Hati hati aja loh kalau benci benci .. semua orang tua yang bener bener benci lgbt dll.. tern https://t.co/zODkSYVR9j'
b'RT @jakeekylee: LGBT masih menjadi perbincangan yang hangat saat ini dibuktikan dengan trendingnya LGBT berturut-turut'
b'Tentunya banyak hal yang menjadi pertanyaan dan kebingungan sebenarnya apa yang diinginkan oleh para LGBT?https://t.co/5FrqLbx0J6'
b'LGBT masih menjadi perbincangan yang hangat saat ini dibuktikan dengan trendingnya LGBT berturut'
"b'@arvindonoviar @MegaPKeliduan Di Bugis bukanlah sperti LGBT yg ada dipikiran.Mmg casing sperti lain,tp perbuatan https://t.co/dvcDe3eNvF'"
"b'Puan Matikan Mic Saat Fraksi PKS Bahas LGBT, Tifatul Sembiring Sarkas: Mungkin Hemat Listrikhttps://t.co/KfbABcENex'"
b'@democrazymedia NU sudah kehilangan ruh. LGBT dibela. Ulama di cemooh.'
"b'@Ustadz_Ahong Kalau perbuatan mereka jelas dilaknat, jika loe  doang yg kena imbasnya nga masalah, tapi yg lainnya https://t.co/Cfm55tIMsB'"
b'gw bingung sama yang masih bisa becandaan soal RKUHP LGBT'
b'RT @cybsquad_: Berjuang membela LGBT ?'
"b'Dengan alasan HAM mereka melindunginya, padahal mereka lupa bahwa LGBT itu merombak total HAM, padahal manusia itu https://t.co/XU4LxAJDM7'"
"b'RT @mncrgknskl: pernah ada penelitian soal homophobia, orang yang toleran ama kaum lgbt ama orang yang anti banget ama lgbt sama-sama dikas'"
b'RT @Lurah_Pejaten: Kalau memang LGBT tidak menjangkit ke level bawah menengah sampai atas.coba beranikah ketua dprri berfoto depan publik b'
"b'@geloraco PBNU Getol Bela LGBT, Aktivis: Pantas Aja Gerah Sama Kata Kafir dan Gemar Menstigma Ulama!https://t.co/pe6Zu4O087'"
b'@KuraTelurr Dibawahnya lgbt pasti'
b'Darius Sinathrya Blak-blakan Jawab Tudingan Dukung LGBT https://t.co/drtkynWCHO'
"b'RT @petugaspartei: Bang Yos manusia Intelijenberpikirnya prediksi terburuk di masa yg akan datang.JADI BENER BANG YOS, WASPADA ITU PERLU'"
"b'RT @timpakul_89: ke""ahlian"" kok mematikan mik !? .. apakah juga berarti, dia pendukung ""kaum LGBT""!? .. #HukumPelakuLGBT #HukumPelaku'"
b'@maqsuk @geloraco yg jadi masalah kenapa jg masih dimatikan mic ? alasan melewati 1 menit ? isu lgbt meresahkan mas https://t.co/9FZ6kNWeFP'
b'RT @Catatan_ali7: Bhineka tunggal ika itu berbeda beda tetap satuLgbt itu dimana perbedaan nya ? Orang dia suka dengan sesama dan dipaksa'
"b'@richardmorstars Makanya kalau bisa lgbt dibikin aja 1 kecamatan biar mereka tau,,,,'"
b'@Gamaudungu Ngeri.. Seberapa kuat mereka melindungi LGBT dgn alasan HAM'
"b'@nekrotizedd @Fandisopan_SRG @Ustadz_Ahong kan si jambret udah dapet hukuman kalo gini, ya ga masuk membenarkandi https://t.co/KpHanvUYE1'"
b'Denger denger ada yang matiin mic lagi nih? Sekarang pas lagi bahas sanksi LGBT. Benar kah?'
b'RT @cybsquad_: Bikin partai LGBT aja bro.. nama partai rakyat kurang cocok'
"b'RT @douboegiez_: Tak perlu menerapkan seperti syariat Islam seperti Brunei Darussalam, Tapi setidaknya ada inisiatif untuk menghukum Pelaku'"
"b'RT @Mukidioon2: @__Sridiana_3va @Nurchan93995658 Agama islam yg benar sudah mulai di gerogoti sama syiah dan yahudi yang menyusup di NU, se'"
b'RT @Kadebae8: Buni Yani Ingatkan Kedubes Inggris Kalau LGBT Itu Haram dan Penyakit Usai Kibarkan Bendera Pelangi#HukumPelakuLGBT#HukumPel'
b'RT @YasonnaB: Cuma orang Komunis saja yang pro LGBT..Agama mana yang menghalalkan LGBT??#HukumPelakuLGBT #HukumPelakuLGBT'
"b'@obetcintadamai @rian_fantesa @penikmatko_pi @OposisiCerdas Makanya kaum beginian jgn dikasih ruang, kalo mereka ad https://t.co/Hsf0AVotH6'"
b'@bottomranger @partyfav0r_ @deadnervously manusia superior lo? ciri satu dari sekian banyak lgbt yang arogan! tapi https://t.co/9CmOgst9tj'
"b'Siapakah mereka yang suka bersikap seperti ini?#LGBT didukung, pengajian dibubarkan https://t.co/FVDktm3TkH'"
"b'RT @SalamDawwasJ: Now....#HukumPelakuLGBT#HukumPelakuLGBTSelama 2016 sampai 2017 ditemukan 58,3 % warga Indonesia pernah mendengar tent'"
"b'RT @bekilapan: @arvindonoviar LBGT kok gender ?? bagaimana sih ... LGBT itu prilaku menyimpang, dg kata lain sakit. Org sakit itu bs disemb'"
"b'RT @faizalassegaf: Sikap elit PBNU getol bela kaum Sodom ( LGBT), bukti ormas tsb makin suram &amp; membusuk.Pantas aja kalian gerah dgn kata'"
b'@m1ridical Yang ku highlight dari tweetmu itu di awal ya si botak smart pipel ini gak bisa dikambinghitamkan kalau https://t.co/r0JnobJFTM'
"b'RT @akhmad_yunianto: MERANGKAI DUKADULU TAKUT MENJAGA ANAK PREMPUAN, TAPI SEKARANG LEBIH TAKUT LAGI MENJAGA ANAK LAKI2(Tulisan dr. Ani'"
"b'@democrazymedia Mn bukti y KL bnr bela LGBT jgn asal tuduh ya jd media jgn Abal"" yg brkwalitas gtu biar kliatan pinter y'"
b'RT @ko_grant: Tokoh agama yg menyatakan vonis LGBT adl penyakit menular perlu belajar psikologi terlebih dulu. Karena bukan ranah agama mem'
b'RT @Nadhezda8: Menko Polhukam Mahfud Md kembali menegaskan LGBT dipidana masuk dalam RKUHP. Dia mengatakan dalam RKUHP memang tidak ada kat'
b'SAYA NGOMONG KAYA GINI DEMI MENGATAKAN # YANG HAK ITU HAK DAN BATHIL ITU BATHIL# WALAUPUN PAHIT KITA RASAKANDARIPA https://t.co/yLH4JAmn64'
"b'@bottomranger @Iqbalfas @partyfav0r_ @deadnervously Susah ngomong sama lgbt, pada kenyataannya keadilan buat orang https://t.co/B59Z7NMIeu'"
b'RT @earthmixnation: Cemilan LGBT https://t.co/dXBXzyiIwu'
'RT @Nicho_Silalahi: Giliran LGBT Lantang kalian bersuara untuk menghormati hak mereka tapi giliran Tanah Rakyat Dirampas Upah Murah Pada '
'RT @akuratco: Ketua Majelis Ulama Indonesia (MUI) bidang Dakwah dan Ukhuwah KH Muhammad Cholil Nafis menegaskan pelaku LGBT harus dipidana. '
'RT @ItzSpearB: Untuk memenuhi tugas akhir aku ak nulis dengan judul LGBT di Negeri Adat. Di dalam ak jg bahas mengen '
'RT @democrazymedia: PBNU Getol Bela LGBT Aktivis: Pantas Aja Gerah Sama Kata Kafir dan Gemar Menstigma Ulama!https://t.co/lbVQnR0GPw '
'  RT @UdhaKayuno: Mencari dasar Hukum pelarangan LGBT jgn tanya Nasi Mawut pasti malah tersesat. Lihat aja Dasar Ideologi Pancasila dari Ke '
'  @arvindonoviar @MegaPKeliduan Dan anda pendukung LGBT di Indonesia? '
'  RT @Cute_Tagar: LGBT tidak boleh dibiarkan tumbuh dalam masyarakat.\nMari dukung pemerintah untuk menetapkan tegas  '
'  RT @MNW_MNW_MNW: Konon UAS bukan urusan kita. Konon Bendera LGBT bukan urusan kita. Giliran Bendera Tauhid diurus.  Bulan Desember diurus. '
'  RT @timpakul_89: mari kita dukung penetapan RKUHP yg mengatur hukum pidana pelaku LGBT '
'  RT @jakeekylee: Aku tidak bilang kalau LGBT itu perlu dibenarkan tapi setidaknya hargai keberadaan mereka karena pada dasarnya LGBT itu sud '
'  Aku tidak bilang kalau LGBT itu perlu dibenarkan tapi setidaknya hargai keberadaan mereka karena pada dasarnya LGBT https://t.co/pcOXGAAYjC '
'  Katanya Mau jadi Calon Pleciden!\Kenapa Kelakuan Ibu  @puanMaharani Ke bgini! Apa Anda(@puanMaharani) Pendukun https://t.co/BvxuLLh4Sy '
'  RT @iwanjanuarcom: Ada muslim yang marah lihat bendera tauhid dikibarkan tapi tak ambil pusing bendera lgbt dinaikkan. Semoga Allah jaga '
'  RT @RyzOriez: Tolak LGBT  '
'  @TheFrenchNugget LGBT https://t.co/VXDomFMfzr '
'  DIWAKANDA ADA ORMAS YG NGAKU ISLAM TP SWMUA YG DILARANG ISLAM MEREKA DUKUNG DAN BAHKAN ULAMA ISLAM DIHINAKA https://t.co/CeTiYBvaCO '
'  Gus Kemarin sd sh kemana? Masih hidupkah? Coba tanyakan apakah meme ini mampu menyegarkan otak? Harusnya membandi '
'   @iccank_inotav @AgungHa05086506 @CHAERONI_70 @bumnbersatu @aniesbaswedan @jokowi Ia sangat bener...tapi ceramah bel https://t.co/4CEsDRDhLX '
'  @gaktaubg @sib3r4s @basrahmat @Mantiko_Bungo Menyandingkan atheis dengan LGBT adalah hal yg aneh .... hehehe '
'   @arvindonoviar Saya tak mencaci maki anda kita hanya berdiskusi kita memang berbeda dalam sudut pandang itu disk https://t.co/ntuFNp6yr1 '
'  RT @Lurah_Pejaten: Kaum bong spesies LGBT ada yang datang kumpul di kuningan tidak hari ini.ada aming tokoh LGBT yg akan bicara masalah hak '
'   @Android_AK_47 Dia mah NU cabang LGBT.Ia gak sih... '
'  Kalo kata pihak-pihak yang pro terhadap kelompok tersebut sih LGBT itu termasuk hak dan kebebasan seseorang. Tapi https://t.co/VQ4E5yzo51 '
'  Jika kita lihat dari segi hukumnya ternyata belum ada aturan khusus yang mengatur LGBT di Indonesia kalo kata Pak https://t.co/7yD0E08W71 '
'  RT @Mr_Bot98: LGBT adalah Penyakit Menular '
'  RT @chakrawidjayas1: Respons Mahfud Komisi III DPR Pastikan LGBT-Zina Masuk Draf RKUHP '
'  @taecharamel apani lgbt apani '
'  RT @BrainwaveThe: @skyundocean @intelburjo @deadnervously Lahh udah jelas lgbt menyimpang dari ideologi indonesia sila pertama aja jelas  '
'   @na_dirs Itu memang pelintiran tp sikap and yg seakan akan membela lgbt memancing orang yg gerah utk berbuat demik https://t.co/ukzorJac8r '
'   @rinidyah6 NKRI dikuasai Pengkhianat Pelanggar Pancasila dan UUD 1945.. mereka Berusaha Menyusupkan Liberal ke NKRI https://t.co/7z4XKoRFth '
'  'eh LGBT tuh ngaruh bgt ntar kalau LGBT makin banyak populasi manusia dibumi bisa punah Ya bagus lah kan loe orang https://t.co/qgwsAuRB9p '
'  RT @Lurah_Pejaten: Ketua @DPR_RI mematikan mic saat rapat pembahasan soal LGBT.bukan karena apa apa itu namun karena sial nya lagi suami ke '
'  RT @Rajaalang2: @sony667788 @MCentre69 @_4nneve Untung masih ada MUI dan MUHAMADIYAH yg begitu keras mnentang pengesahan LGBT di indonesia '
'  RT @anafis_196: Kata siapa lgbt takdir..? SAM BRODIE: TAK ADA KATA TERLAMBAT Di usia 12 tahun Samuel David Alexander Brodie atau Sam '
'  LGBT (Lesbian Gay Biseksual dan Transgender) yang identik dengan bendera pelangi ini adalah suatu perilaku menyi https://t.co/wncQ19kQBO '
'  Terkait dengan isu di atas saya akan membahas dulu LGBT itu apa sih? Bagaimana yah perspektif hukum nasional maupun https://t.co/xl2DJ21Wsg '
'  RT @mihrabku: Inilah kacaunya portal online yang tak belajar dengan baik menulis berita. Cuitan Nadir dibenturkan dengan pernyataan HRS. Ce '
'  RT @z4r4n: Gerakan LGBT di Indonesia adalah proyek dunia yang dikelola oleh satu badan khusus Internasional https://t.co/fD7IF8DlQy '
'   @detikcom Covid 19 dituduh dalang beliau skrang cacar monyet apa jg dibilang dalang nya beliau jg???..suruh tuh WH https://t.co/C3zwtGAbz8 '
'   @MegaPKeliduan @KOPATREV @arvindonoviar Ooo manusia yg lagi getol nya membela kaum sodom itu????LGBT itu sampah peradaban asal klen tau '
'  RT @keuangannews_id: Budayawan Muhammadiyah: Umat Islam Wajib LawanLGBT https://t.co/VoVmWT07FK '
'  RT @hayati50049081: @arvindonoviar LGBT itu penyakit bukan gender. Elu main yih ke RSCM atau RS Dharmais. Gimana yang sudah kena AIDS  HIV '
'  @CNNIndonesia Mungkin di tim mereka ada LGBT makanya sempetin nunjukin dukungan? '
'  RT @la1laha1llallah: @arvindonoviar Ngotot bener bela LGBT elu pikir elu bisa nongol ke dunia ini dr ortu yg LGBT ya? '
'  RT @jakeekylee: Sin is a sin Tidak ada dosa LGBT itu lebih besar karena tidak ada dosa besar dan dosa kecil '
'   lagu lu sok sok an mendukung lgbt...Allah SWT saja melaknat para pelaku lgbt..ini kok sok sok an mendukung perbuatan hina '
'   Makanya belajar agama yg benar biar mengerti bagaimana ajaran islam yg benar. Jgn belajar dgn ulama https://t.co/4H1hOVIMLu '
'  RT @timpakul_89: masak DPR kalah oleh tekanan LSM  '
'  RT @Tan_Mar4M: Nabi aja mengutuk LGBT  Eh lu yg cuma Agus nyuruh kita menghormati LGBT? Pala lo bauk Agus '
'  RT @na_dirs: Ini pelintirannya luar biasa. Yang  dicuitkan csetiap manusia tetapi  judul beritanya Pelaku LGBT.  Terus dibenturkan dg ce '
'  LGBT!  https://t.co/RWwmmjiO1L '
'  RT @na_dirs: Ini pelintirannya luar biasa. Yang  dicuitkan setiap manusia tetapi  judul beritanya Pelaku LGBT.  Terus dibenturkan dg ce '
'   @salahsambungya Tp udah jarang jg liat iklan rokok skrg.. ini aja tau dri sosmed klo Esse seringnya LGBT yg beli https://t.co/iLv3d8kJeU '
'  Kenapa dimatikan mbak saat anggota dewan menyinggung masalah LGBT saat rapat paripurna? Mbak ingin mendapatkan sue https://t.co/3JdjbKE73c '
'  RT @z4r4n: Gerakan LGBT di Indonesia adalah proyek dunia yang dikelola oleh satu badan khususInternasional https://t.co/fD7IF8DlQy '
'  RT @BungAji: Luar biasa cukup sudah dua periode dikuasai yg ga capable memimpin negeri. Ini ada lg mau berkuasa tapi mengurus mic aja ga  '
"'RT @HeriSuwondo2: Kaum LGBT itu predator bagi yg normal. Mrk terus berburu agar se-byk mgkn manusia bisa bareng2 nyembah Iblis &amp, msk neraka'"
'  Sin is a sin\nTidak ada dosa LGBT itu lebih besar karena tidak ada dosa besar dan dosa kecil '
'  Kenapasihhh nih negara udah tau krisis iklim kekerasan domestik ketimpangan kelas masih gede malah fokus ke LGBT yg ga ngaruh apa-apa '
'  RT @DonWoi: Tingkat Intelegensi Kaum LGBT jauh lebih rendah dibandingkan dengan Hewan yang tidak pernah kawin sejenis '
'  RT @ashiryu_1989: @Lurah_Pejaten LGBT ~ Lesbian Gay Bisexsual Transgender\nPenyakit terlaknat\n\nRasulullah shalallahu alaihi wasallam bers '
'  RT @m1ridical: Udah tau negara anti-LGBT Deddy ngundang pasangan gay kontroversial lu kira pindah negara kek beli kacang? bukannya bikin  '
'   @math_sea @JelataKedai @CttnDmkrs @cholilnafis Jadi menurut anda lgbt bukan sesuatu yang salah?! Mikir dong! Kalo https://t.co/EofbI8KjRo '
' RT @fadlannuuwaar: Bendera Tauhid antum bakar  sementara bendera LGBT antum kibarkan  kebenaran antum salahkan  kebatilan justru antum bela '
' RT @ItzSpearB: Untuk memenuhi tugas akhir aku  ak nulis dengan judul LGBT di Negeri Adat. Di dalam ak jg bahas mengen '
' RT @ShaffaAja_: 10 Negara Larang LGBT  Indonesia Kapan? '
' RT @Ngennez: Ternyata Kedubes Inggris Hanya Kibarkan Bendera LGBT di Indonesia  Tidak di Malaysia  Ada Apa? '
' RT @Isy4_N: Qatar Haramkan LGBT di Piala Dunia 2022: Kami Tidak Akan Menukar Agama Hanya Karena Turnamen 28 Hari  '
' RT @z4r4n: Gerakan LGBT di Indonesia adalah proyek dunia  yang dikelola oleh satu badan khusus Internasional '
' RT @Cute_Tagar: LGBT tidak boleh dibiarkan tumbuh dalam masyarakat.Mari dukung pemerintah untuk menetapkan tegas  '
' RT @AkunRecehPeduli: Yang Setuju Komentar tentang LGBT dari Retweet Gus Nadir  '
' RT @Nicho_Silalahi: Giliran LGBT Lantang kalian bersuara untuk menghormati hak mereka  tapi giliran Tanah Rakyat Dirampas  Upah Murah Pada '
' RT @petgoodboy: @icebeay @deadnervously Salah bukan berarti kita seenaknya nindak atau ngehukum mereka  emang mereka bikin kejahatan apa?  '
' RT @ekowboy2: Silahkan rakyat mencatat partai politisi mana saja yg pro kaum sodom melawan norma agama serta Pancasila  tenggelamken!! '
' RT @MNW_MNW_MNW: Konon UAS bukan urusan kita. Konon Bendera LGBT bukan urusan kita. Giliran Bendera Tauhid diurus.  Bulan Desember diurus. '
' Masih soal LGBT aja matiin mic  gimana mo bela nasib muslim se indonesia? Bisa2 tutup pintu tuh kanTor DPR '
' RT @ekowboy2: Silahkan rakyat mencatat partai  politisi mana saja yg pro kaum sodom melawan norma agama serta Pancasila  tenggelamken!! '
' RT @YulieReborn: Ingat !!!Dosa bukan hanya buat Pelaku  tapi orang yang membiarkan dan tidak menolak LGBT mendapat dosa yang sama. '
' RT @Isy4_N: Qatar Haramkan LGBT di Piala Dunia 2022: Kami Tidak Akan Menukar Agama Hanya Karena Turnamen 28 Hari '
' RT @arvindonoviar: Di Highlight story Instagram  saya telah urai perkara LGBT ini. Dan bukan hanya LGBT. Juga tentang Syiah dan lain-lain. '
' RT @Tan_Mar4M: Nabi aja mengutuk LGBT Eh lu yg cuma Agus nyuruh kita menghormati LGBT? Pala lo baukAgus '
' RT @MNW_MNW_MNW: Konon UAS bukan urusan kita. Konon Bendera LGBT bukan urusan kita. Giliran Bendera Tauhid diurus.  Bulan Desember diurus. '
' RT @Lurah_Pejaten: Kaum cebong Homo LGBT di cokro gagal dalam operasi yg diberi namakilurah.sudah di sebar ke grup grup wa mereka namun  '
' RT @Lurah_Pejaten: Ketua @DPR_RI mematikan mic saat rapat pembahasan soal LGBT.bukan karena apa apa itu namun karena sial nya lagi suami ke '
' RT @anafis_196: Kata siapa lgbt takdir..? SAM BRODIE: TAK ADA KATA TERLAMBAT Di usia 12 tahun  Samuel David Alexander Brodie  atau Sam '
' Dimana2 org tuh memperkecil potensi penularan penyakit  kalian malah menaikkan https://t.co/JVrmq48UMq '
' RT @Ngennez: Ternyata Kedubes Inggris Hanya Kibarkan Bendera LGBT di Indonesia  Tidak di Malaysia  Ada Apa? https://t.co/IYBJNMtw9O '
' RT @anafis_196: Kata siapa lgbt takdir..?SAM BRODIE: TAK ADA KATA TERLAMBAT Di usia 12 tahun  Samuel David Alexander Brodie  atau Sam '
' LGBT adalah Penyakit Mental dan Bisa Disembuhkan | Republika Online Mobile https://t.co/rnlQMuqWU5 '
' bcd = bisa chattan dulu lgbt = lagi bt AJG = Astagfirullah jangan gitu '
' RT @Lurah_Pejaten: Kaum bong spesies LGBT ada yang datang kumpul di kuningan tidak hari ini.ada aming tokoh LGBT yg akan bicara masalah hak '
' RT @na_dirs: Ini pelintirannya luar biasa. Yang  dicuitkan setiap manusia tetapi  judul beritanya .  Terus dibenturkan dg  '
' RT @Lurah_Pejaten: Ini bagaimana kaum bong LGBT dan cokro tv.kok malah dilaporkan ke polda metro oleh lurah istana.katanya lurah istana dil '
' RT @ekowboy2: Silahkan rakyat mencatat partai  politisi mana saja yg pro kaum sodom &amp  melawan norma agama serta Pancasila  tenggelamken!! '
' RT @HidayatullahSLM: Komunitas LGBT Akan Gelar Acara di Makassar  MUI Sulsel Tegas Menolak | Hidayatullah Sleman https://t.co/zWfeydvPHq '
' RT @ItzSpearB: HELP LIKE RT Untuk memenuhi tugas akhir aku  ak nulis dengan judul LGBT di Negeri Adat. Di dalam ak jg bahas mengen '
' RT @coachaddie_off: Ukhty @puanmaharani_ri mengapa dimatikan ? Apa sudah cair cuan dari Komunitas LGBT ? Sekedar Nanya https://t.co/yB17I2i '
' RT @Isy4_N: Qatar Haramkan LGBT di Piala Dunia 2022: Kami Tidak Akan Menukar Agama Hanya Karena Turnamen 28 Hari https://t.co/VVUG1MReEi '
' Perilaku LGBT Dalam Perspektif Hukum IndonesiaA THREAD '
' RT @Lurah_Pejaten: Kalian spesies menjijikan LGBT hanya korban halu nya cokro yg mengatakan membongkar Lurah istana.pantas saja menjadi pem '
' @NonChitt Sama aja anyingg. Tapi trending satu lgbt '
' RT @HukumDan: Kalau gak mampu beli ticket pesawat ke Afganistan.. Bilang aja  ntar saya sewain pesawat berikut hotel dan akomodasi. Gak us '
' James Martin SJ: Ruang Perjumpaan Gereja dan Komunitas LGBT https://t.co/0bj2G0OGe7 via @SESAWI.NET @dedeoetomo '
' RT @HeriSuwondo2: Kaum LGBT itu predator bagi yg normal. Mrk terus berburu agar se-byk mgkn manusia bisa bareng2 nyembah Iblis msk neraka '
' RT @Nadhezda8: Dukung Pidanakan LGBT  '
' @rennjwiin boti dalam hbgn apa boti emg bs untuk arti bonceng tiga bs jg untuk hal yg itu lgbt tp ak jg ga ngerti sieeee '
' RT @Im00568047: Dlm Islam  LGBT adalah perbuatanyg dilaknat Allah dan akan menerima azab yg sangat pedih di dunia dan di akhirat. Agama yg '
' RT @LstwnA: Curhat Amin AK Seusai Miknya Dimatikan Puan Kala Menyuarakan Bahaya LGBT!!\n\nYang Setuju Pidanakan  '
' RT @akhmad_yunianto: PERCAYALAH  TIDAK ADA PELAKU LGBT BERAKHIR DENGAN BAHAGIA.KEBAHAGIAAN SESAAT  SEMU YG DIKEJAR BERUJUNG PADA DERITA '
' RT @democrazymedia: PBNU Getol Bela LGBT  Aktivis: Pantas Aja Gerah Sama Kata Kafir dan Gemar Menstigma Ulama!https://t.co/lbVQnR0GPw '
' RT @akuratco: Ketua Majelis Ulama Indonesia (MUI) bidang Dakwah dan Ukhuwah KH Muhammad Cholil Nafis menegaskan pelaku LGBT harus dipidana. ??? '
' RT @BocahUdik4: @arvindonoviar Maaf nih abang kan bela LGBT Sya tanya apa abang mau anak2 abang jdi LGBT sebab LGBT itu penyakit bang'
' Orang2 LGBT bingung banget sekarang menuju 2024:1) pasca podcast corbuzier  maki2 REZIM jokowi karena mereka kini https://t.co/mNZ12mFP7Z '
' RT @petugaspartei: OPM yg jlas2 troris kga total lu lawannya malah disbut sodara tag Semarang Ganjar Pranowo Monyet Pekalongan Puan Sodom '
' Kaya gini kok penggiat medsos ! Penebar teror dianggap teroris  isi tulisan dg penafsiranya kok kaya https://t.co/vaDH4Xdb40 '
' krn sdh tidak ada argunemtasi lg utk membenarkan LGBT apalagi dg argumentasi agama maka dg logika ngaw https://t.co/aW8QPyJWXi '
' RT @ariel_heryanto: Tulisan 30 tahun lalu. Jika ditulis sekarang  entah apa ada media besar yang mau memuatnya? Waktu itu LGBT juga tidak  '
' RT @keuangannews_id: Budayawan Muhammadiyah: Umat Islam Wajib Lawan LGBT https://t.co/VoVmWT07FK '
' RT @43xNih: Kaum Anus... Di haramkan ke qatar...LGBT kaum laknat emang tak pantas sih di kasih tempat di dunia ini...LGBT kaum terhina. '
' RT @la1laha1llallah: @arvindonoviar Ngotot bener bela LGBT elu pikir elu bisa nongol ke dunia ini dr ortu yg LGBT ya? '
' apakah anda bgn dr lgbt?apaanda senang klau klg anda penikmat lobang tai?apakah anda bangga dukung penikma https://t.co/58ramxGAZY '
' RT @democrazymedia: Kader Muhammadiyah Sindir Ketum PBNU: Bendera LGBT Bukan Urusan Kita  Giliran Bendera Tauhid Diurus!https://t.co/HOsLL '
' RT @geloraco: Puan Matikan Mic Saat Fraksi PKS Bahas LGBT  Tifatul Sembiring Sarkas: Mungkin Hemat Listrik https://t.co/KfbABcENex '
' RT @Indonesia_Siaga: Lindungi keluarga fan masyarakat dari BAHAYA LATEN LGBT dan Komunisme. Mereka sailing bahu membahu hancurkan keluarga '
' Siapa yg bertanggung jawab soal LGBT koruptor triliunan bebas Utang Numpuk ? '
' Dlm penciptaan ruh  Allah sudah menghembuskan asma Allah n RosulNYA terus saat ruh dah brojol emang si ruh https://t.co/qjmn2rsVan '
' RT @Lurah_Pejaten: Selamat sore kaum kaum cherybol dan bong LGBT.kumpulan spesies sampah mencoba memaksakan diri dengan memaksa komisioner '
' RT @DonWoi: Tingkat Intelegensi Kaum LGBT jauh lebih rendah dibandingkan dengan Hewan  yang tidak pernah kawin sejenis '
' RT @Lurah_Pejaten: Lurah istana katakan kepada spesies LGBT bongdrun dan selebtwit semua nya:terutama kaum bodoh gratisan cebong kalian bis '
' Hati hati aja loh kalau benci benci .. semua orang tua yang bener bener benci lgbt dll.. tern https://t.co/zODkSYVR9j '
' RT @jakeekylee: LGBT masih menjadi perbincangan yang hangat saat ini dibuktikan dengan trendingnya LGBT berturut '
' Tentunya banyak hal yang menjadi pertanyaan dan kebingungan sebenarnya apa yang diinginkan oleh para LGBT?https://t.co/5FrqLbx0J6 '
' Kata siapa lgbt takdir..? SAM BRODIE: TAK ADA KATA TERLAMBAT Di usia 12 tahun  Samuel David Alexander Brodie  atau Sam '
' LGBT masih menjadi perbincangan yang hangat saat ini dibuktikan dengan trendingnya LGBT berturut '
' Ini pelintirannya luar biasa. Yang  dicuitkan setiap manusia tetapi  judul beritanya Pelaku LGBT.  Terus dibenturkan dg ce '
' Budayawan Muhammadiyah: umat Islam wajib lawan LGBT. Umat Islam wajib secara terbuka melawan Lesbian  Gay  Biseksual dan Transg '
' Ukhty mengapa dimatikan ? Apa sudah cair cuan dari Komunitas LGBT ? Sekedar Nanya  '
' masak DPR kalah oleh tekanan LSM  '
' Dukung Pidanakan LGBT  '
' Di Bugis bukanlah sperti LGBT yg ada dipikiran. Memang casing sperti lain tp perbuatan '
' HELP LIKE RT Untuk memenuhi tugas akhir aku  ak nulis dengan judul LGBT di Negeri Adat. Di dalam ak jg bahas mengen '
' Lagi  Anggota Dewan Singgung Masalah LGBT Saat Rapat Paripurna  Puan Langsung Matikan Mic '
' Puan Matikan Mic Saat Fraksi PKS Bahas LGBT  Tifatul Sembiring Sarkas: Mungkin Hemat Listrik '
' NU sudah kehilangan ruh. LGBT dibela. Ulama di cemooh. '
' Kalau perbuatan mereka jelas dilaknat  jika loe  doang yg kena imbasnya nga masalah  tapi yg lainnya. '
' Tingkat Intelegensi Kaum LGBT jauh lebih rendah dibandingkan dengan Hewan  yang tidak pernah kawin sejenis '
' Komunitas LGBT Akan Gelar Acara di Makassar  MUI Sulsel Tegas Menolak  Hidayatullah Sleman '
' gw bingung sama yang masih bisa becandaan soal RKUHP LGBT '
'  Mulut sampah bisanya mengkritik kinerja yang berseberangan.Mau nya nonton kaum menyimpang alias LGBT  '
' Dapat panggung setelah sat set sat set melaporkan rasisnya si ruhut  eh tau2nya pembela LGBT '
' Berjuang membela LGBT ? '
' Dengan alasan HAM mereka melindunginya  padahal mereka lupa bahwa LGBT itu merombak total HAM  padahal manusia itu '
' Tolak LGBT  '
' pernah ada penelitian soal homophobia  orang yang toleran ama kaum lgbt ama orang yang anti banget ama lgbt sama-sama dikas '
'  PBNU Getol Bela LGBT  Aktivis: Pantas Aja Gerah Sama Kata Kafir dan Gemar Menstigma Ulama '
'  Kader Muhammadiyah Sindir Ketum PBNU: Bendera LGBT Bukan Urusan Kita  Giliran Bendera Tauhid Diurus '
' Kalau memang LGBT tidak menjangkit ke level bawah menengah sampai atas.coba beranikah ketua dprri berfoto depan publik '
' Kaum bong spesies LGBT ada yang datang kumpul di kuningan tidak hari ini.ada aming tokoh LGBT yg akan bicara masalah hak '
' LGBT tidak boleh dibiarkan tumbuh dalam masyarakat.Mari dukung pemerintah untuk menetapkan tegas  '
' PBNU Getol Bela LGBT  Aktivis: Pantas Aja Gerah Sama Kata Kafir dan Gemar Menstigma Ulama! '
' Yang bela belain kaum sodom itu ya kalau gak Gay ya Lesbi  gak jauh jauh lah dari LGBT. Apa lagi yang girang melihat kasus  '
' Dibawahnya lgbt pasti '
' Darius Sinathrya Blak-blakan Jawab Tudingan Dukung LGBT '
' 10 Negara Larang LGBT  Indonesia Kapan? '
' Silahkan rakyat mencatat partai politisi mana saja yg pro kaum sodom melawan norma agama serta Pancasila  tenggelamken!! '
' masak DPR kalah oleh tekanan LSM '
' Bang Yos manusia Intelijen berpikirnya prediksi terburuk di masa yg akan datang.JADI BENER BANG YOS  WASPADA ITU PERLU '
' keahlian kok mematikan mik !? . apakah juga berarti  dia pendukung kaum LGBT!?  '
' yg jadi masalah kenapa jg masih dimatikan mic ? alasan melewati 1 menit ? isu lgbt meresahkan mas '
' Bhineka tunggal ika itu berbeda beda tetap satu Lgbt itu dimana perbedaan nya ? Orang dia suka dengan sesama dan dipaksa '
' Makanya kalau bisa lgbt dibikin aja 1 kecamatan biar mereka tau. '
' Ngeri. Seberapa kuat mereka melindungi LGBT dgn alasan HAM '
' kan si jambret udah dapet hukuman kalo gini  ya ga masuk membenarkan '
' Qatar Haramkan LGBT di Piala Dunia 2022: Kami Tidak Akan Menukar Agama Hanya Karena Turnamen 28 Hari  '
' Denger denger ada yang matiin mic lagi nih? Sekarang pas lagi bahas sanksi LGBT. Benar kah? '
' OPM yg jlas2 troris kga total lu lawannya malah disbut sodara tag Semarang Ganjar Pranowo Monyet Pekalongan Puan Sodom '
' Bikin partai LGBT aja bro.. nama partai rakyat kurang cocok '
' Tak perlu menerapkan seperti syariat Islam seperti Brunei Darussalam  Tapi setidaknya ada inisiatif untuk menghukum Pelaku '
' Agama islam yg benar sudah mulai di gerogoti sama syiah dan yahudi yang menyusup di NU'
' Buni Yani Ingatkan Kedubes Inggris Kalau LGBT Itu Haram dan Penyakit Usai Kibarkan Bendera Pelangi '
